,0,1,2,3,4,5,6,7,8,9,10,11,12,13,14,15,16,17,18,19,20,22,24,26,28,30,32,34,36,38,40,42,44,46
...................,0.97730905,0.9632281,0.9690516,0.97345024,0.9613669,0.9094216,0.8593341,0.7558068,0.5401718,0.34703347,0.01442854,0.0008626517,0.0003406866,0.000106200336,0.00025355167,0.0003491228,0.00016338516,0.00013093656,0.00022372369,0.000299712,0.00013738904,0.00018494307,0.0001627607,4.9545695e-05,4.1646435e-05,3.1590418e-05,0.00032609122,0.0001265874,3.1727854e-05,0.00031472073,0.00018771739,0.00015042358,1.2701561e-05,0.00014766917
..................L,0.00072331214,0.0013157915,0.0012542258,0.0009575721,0.001012346,0.0015052,0.0019163897,0.0023059412,0.0020962649,0.0019184757,0.00077294273,0.00014017249,6.326438e-05,3.9048322e-05,2.2608234e-05,1.9941288e-05,7.584483e-05,4.744814e-05,8.05917e-05,0.0001169047,9.812733e-05,0.00015147818,0.00010242034,9.126359e-05,2.7326258e-05,3.9672985e-05,8.7625966e-05,6.921685e-05,2.8174778e-05,0.00015081922,0.00021050226,2.6951235e-05,1.4176535e-05,0.00011842308
.................K.,0.0004948724,0.00086622714,0.0007301448,0.0008016808,0.0019290572,0.0037142031,0.004040868,0.005947696,0.006569932,0.0073624337,0.001355932,0.0006676827,0.00021855172,2.9999523e-05,4.1893898e-05,2.7579983e-05,4.02739e-05,0.00013753609,0.00032078678,0.00085706456,0.0020165467,0.0026043807,0.001933435,4.7506837e-05,5.133916e-05,0.00018862818,0.0003352048,0.00033819056,9.6916636e-05,4.692407e-05,0.00030563923,3.8238377e-05,1.375087e-05,0.00032336885
................S..,0.000524006,0.0005907311,0.00048450264,0.00030699678,0.0005278857,0.0010250056,0.001353556,0.0032023508,0.006709954,0.0065157,0.0003699222,7.468825e-05,2.2285025e-05,8.726621e-06,7.3319898e-06,9.401532e-06,1.8517716e-05,4.1877585e-05,6.286474e-05,5.0337083e-05,7.943229e-05,0.00016632331,0.00017296021,7.389717e-05,5.73333e-05,8.4200234e-05,0.0010806292,0.00020991672,2.3535633e-05,0.00010990061,9.0611175e-05,4.2855063e-05,2.258275e-05,4.0350486e-05
...............K...,0.00064572156,0.0014709291,0.0014515679,0.0010351858,0.0019701975,0.0041982443,0.005247561,0.0061123855,0.006934921,0.0034542345,0.00038575885,9.320953e-05,2.5102056e-05,1.0569227e-05,7.3144042e-06,9.170704e-06,1.6703185e-05,7.5457334e-05,0.00045064703,9.680978e-05,7.50571e-05,7.4873155e-05,7.735038e-05,7.072533e-05,9.709663e-05,3.025314e-05,0.00023645828,0.00010195587,3.9962564e-05,9.920335e-05,0.0005927794,1.8129318e-05,1.1808813e-05,3.398584e-05
..............D....,0.000690261,0.0008678138,0.0011025299,0.00088689494,0.00078374316,0.001238869,0.0008592619,0.0014866007,0.0020113934,0.0013691375,0.0008354101,0.00037214716,0.0002955688,0.00012368415,7.098758e-05,4.393965e-05,0.00013121971,0.00031649746,0.00033044248,0.00019447277,0.00032351064,0.00047278102,0.00030631962,0.0002277959,4.935196e-05,5.5044253e-05,0.00039650418,0.00016995594,0.00022301948,3.9371695e-05,0.00032169916,3.793903e-05,2.6267393e-05,7.0448914e-05
.............C.....,0.0010397221,0.0021935515,0.0022077775,0.0017794581,0.0020436672,0.0019240248,0.0023215576,0.0026215673,0.004418691,0.00969214,0.008275784,0.0020626965,0.0005992445,0.0002167303,0.00016073516,0.00019937723,0.0002746076,0.00082584517,0.00091187074,0.0008520431,0.0006460742,0.0005997412,0.0006418546,0.0005915316,0.00071135,0.0005413145,0.00039777695,0.00019275666,0.000104533756,0.0004892203,0.0028100219,0.000113255905,0.00015030641,0.00015193372
............Y......,0.00083908637,0.0016824655,0.0010202752,0.0010223823,0.0010050839,0.0015059123,0.0024439036,0.0036813729,0.008432661,0.012124848,0.013113293,0.0062391046,0.0027443029,0.0016414172,0.0027890194,0.0024469888,0.003678676,0.0057804715,0.003725007,0.003988361,0.003834626,0.0027606492,0.0046549547,0.0021113998,0.002085408,0.002374609,0.0008703021,0.00036662273,0.0023452474,0.0006236203,0.00426019,0.00029171974,0.00022490042,0.0032115467
............YC.....,0.00095267466,0.0012062251,0.0018066795,0.0018010349,0.001110836,0.0008675307,0.0014254552,0.00525902,0.014074898,0.021400444,0.04384934,0.04684805,0.018590607,0.002462066,0.0017268838,0.00189277,0.0030570675,0.003631815,0.0043182536,0.0052439068,0.0025662626,0.0025966775,0.0033778395,0.00012688749,6.635308e-05,5.0891304e-05,0.0002825821,0.00058214105,3.5451932e-05,6.695786e-05,0.00014776915,7.992613e-05,0.0006776748,2.9504441e-05
...........P.......,0.0008153726,0.000573416,0.00040315258,0.0003195868,0.00068009325,0.0011696602,0.0012617769,0.0015176751,0.0007783475,0.00039961495,0.00010860208,4.5652356e-05,2.7435948e-05,1.4296126e-05,7.252031e-06,3.1209358e-05,1.2756386e-05,3.840368e-05,0.00010392039,0.000140848,9.9092766e-05,0.00014785239,0.000103993145,6.002323e-05,0.000105563166,0.0001236342,0.0009513918,0.0005693604,5.66677e-05,7.2021605e-05,0.00012240665,1.3226808e-05,1.0384196e-05,3.3194192e-05
...........PYCDK...,1.0150622e-05,4.2211224e-05,1.8228387e-05,1.3321693e-05,8.130767e-06,1.4827758e-05,1.3680701e-05,2.9997356e-05,2.0221467e-05,0.00010454397,7.41962e-05,3.1724016e-05,8.114527e-05,9.328858e-06,2.7398886e-05,5.5709406e-06,1.8640381e-05,3.552803e-05,5.1699983e-05,9.9869714e-05,8.3875704e-05,0.0001632963,0.0002993722,0.00038773246,8.4920975e-05,0.0001872882,0.0026700578,0.00073035614,4.6462632e-05,0.00037807008,7.203197e-05,2.2302014e-05,7.392314e-05,0.0007758366
...........PYCDKS..,7.505141e-06,2.2796909e-05,1.9263776e-05,2.1999562e-05,1.1461058e-05,1.2109822e-05,8.9677205e-06,1.5293414e-05,1.8317263e-05,4.9376296e-05,0.00013557225,4.0153733e-05,0.00012276524,6.9109537e-06,2.2569564e-05,5.150499e-06,2.490325e-05,5.9531463e-05,0.00010113652,7.343467e-05,6.835428e-05,9.2137634e-05,0.00015795359,0.00023013382,9.370484e-05,0.00035658182,0.0047425907,0.0012519313,5.203305e-05,5.0546976e-05,9.31484e-05,2.0022382e-05,1.0711507e-05,2.6463102e-05
..........I........,0.00038706214,0.001059989,0.00066692854,0.00082444533,0.0009865155,0.0015420129,0.0010986439,0.0024288082,0.0025220274,0.00333167,0.00015203658,5.1127434e-05,2.4738374e-05,1.0517514e-05,1.3576399e-05,1.26679615e-05,2.2610944e-05,3.9544302e-05,6.698461e-05,4.8321293e-05,6.590459e-05,0.00011067076,7.1962466e-05,7.023117e-05,0.0002582846,9.2054564e-05,0.0001454151,9.730348e-05,3.4975805e-05,0.00026369092,0.0002169143,2.5847608e-05,2.0925623e-05,9.082584e-05
..........I....K...,4.6167446e-05,0.00018609072,0.00027672105,0.00020757351,0.00011046896,4.4587014e-05,5.214267e-05,5.24547e-05,5.1754807e-05,8.583624e-05,5.2216692e-05,3.325758e-05,2.9474588e-05,9.558249e-06,2.6933134e-05,3.180637e-05,1.0203493e-05,2.7134425e-05,5.2252064e-05,6.212298e-05,6.843431e-05,6.764671e-05,0.00013620322,0.00019921608,0.00010262628,4.9214792e-05,0.0001343909,0.00015617444,8.398025e-05,7.535903e-05,0.00012717558,1.3448803e-05,9.962014e-06,7.258636e-05
..........I.YCDKS..,7.0672977e-06,1.7474878e-05,1.0354663e-05,1.3892402e-05,7.623535e-06,1.2289268e-05,1.8754934e-05,1.6450336e-05,1.7759712e-05,3.2646134e-05,4.7363992e-05,3.7169615e-05,1.1251351e-05,1.8638231e-05,8.827174e-06,6.6879024e-06,3.611644e-05,4.811988e-05,0.00032078524,6.5947366e-05,4.204656e-05,5.3648313e-05,7.6098106e-05,0.00013333345,0.00014140025,9.13119e-05,0.0006609266,0.0018872822,2.9648727e-05,4.1021685e-05,7.161599e-05,1.9534014e-05,3.0991963e-05,2.4255924e-05
.........R.........,0.0028088845,0.0024070048,0.0009911642,0.0008903903,0.00061538885,0.00070537016,0.00070373947,0.0015778685,0.003638729,0.006742423,0.0035772682,0.003285583,0.0038291183,0.00018598398,6.9268266e-05,0.00074103486,0.00095025334,0.0011202947,0.0028292062,0.0017058162,0.0025451372,0.0014828747,0.0020154214,0.000513665,3.4602115e-05,4.622649e-05,0.00021035457,0.00027018026,2.3041179e-05,9.618182e-05,0.00027953304,3.0542662e-05,0.00017864587,9.962736e-05
........E..........,0.0004660775,0.0009089916,0.00073848566,0.0005774191,0.000775895,0.0015406465,0.001754181,0.0017394234,0.0011109309,0.0014886913,0.0009684215,0.00054641865,0.00024199593,6.4244494e-05,5.2732867e-05,0.0009264006,0.0010977973,0.0015175623,0.00075978873,0.0009284327,0.00094405585,0.0005888882,0.0006185295,0.00016893138,0.00020554445,9.056053e-05,0.00018327577,0.00012051824,0.00012743656,5.1757164e-05,0.0001581278,5.3594176e-05,1.2144512e-05,2.3584944e-05
........E.I.......L,7.592701e-05,0.00011245532,8.95131e-05,6.241659e-05,8.7468856e-05,5.931267e-05,7.107991e-05,9.055006e-05,0.00017874039,0.000108111264,5.7469926e-05,3.3149157e-05,3.088489e-05,8.377811e-06,6.716564e-06,1.4973913e-05,1.4902409e-05,9.7079115e-05,7.025037e-05,7.924521e-05,7.409653e-05,5.0463095e-05,0.00018373018,6.5807304e-05,4.79723e-05,4.4842895e-05,0.00017984062,0.00023556945,0.0001841287,6.0680613e-05,0.00017352945,4.2151845e-05,1.4879115e-05,7.931034e-05
........E.I.YCDKS.L,5.8359865e-06,2.4342073e-05,6.2387944e-06,9.299287e-06,9.9852505e-06,1.5339523e-05,1.0016721e-05,1.8827677e-05,3.5362373e-05,6.174745e-05,5.514782e-05,3.8874005e-05,1.3617601e-05,1.0049625e-05,9.5855075e-06,3.0636143e-05,1.121078e-05,7.423245e-05,0.0001370936,0.00023347285,4.2450072e-05,3.2611235e-05,6.8533736e-05,0.00022962948,0.00046113547,0.0004215681,0.00096449716,0.0011029867,5.838974e-05,7.45862e-05,0.00019781251,0.00014105104,1.779269e-05,3.368411e-05
........ERI........,0.00090057665,0.0015436198,0.0007989439,0.0007554324,0.0008450759,0.0008623111,0.0015733273,0.0026285006,0.0005815014,0.0005956324,0.00018557836,7.1595285e-05,2.7922033e-05,1.117998e-05,6.253323e-06,3.219977e-05,1.47288465e-05,3.053987e-05,5.954298e-05,0.00010063486,7.7089884e-05,0.00017617659,0.0001971811,7.3615396e-05,4.1131338e-05,2.4910487e-05,8.719641e-05,6.926908e-05,6.353918e-05,0.00029477297,0.0014639313,2.0085477e-05,4.9803515e-05,3.434863e-05
.......G...........,0.000458601,0.0012667596,0.0010279542,0.0008459119,0.0014240902,0.0013968814,0.0013856521,0.0017907851,0.0013258047,0.0011741149,0.0024243728,0.0018115474,0.0004636548,7.102312e-05,3.741114e-05,0.00069503934,4.472111e-05,0.000111610854,0.00018515994,5.3522108e-05,9.917501e-05,8.232985e-05,0.00011031062,0.00046563274,3.333386e-05,7.249299e-05,0.0008982094,0.0006920266,3.2879423e-05,5.699106e-05,0.00026577327,4.9141443e-05,1.5685995e-05,6.1225815e-05
.......G...PYCDKS..,6.875122e-06,2.421309e-05,2.6593545e-05,3.2257212e-05,3.866717e-05,3.3636436e-05,9.969527e-06,1.3721902e-05,1.6748301e-05,3.2513868e-05,4.735189e-05,3.3732573e-05,1.4270688e-05,5.7435727e-06,8.029335e-06,1.045546e-05,9.711212e-06,4.7805002e-05,8.081174e-05,5.007809e-05,0.00018742392,0.00010809532,0.00014080762,0.00024826702,0.000112915724,0.0036725055,0.0771106,0.08433504,6.730258e-05,0.00033026564,8.192551e-05,2.2793733e-05,1.8457096e-05,2.3133998e-05
.......GE.I........,0.00031367588,0.0006296608,0.0010028172,0.00044865714,0.00072037143,0.0004991902,0.00037360212,0.0007748415,0.0010869959,0.00045908324,0.00012602797,5.48192e-05,2.0320338e-05,1.2225291e-05,7.366255e-06,1.8545892e-05,1.3274021e-05,4.595815e-05,4.839407e-05,3.980275e-05,4.600785e-05,6.45031e-05,6.169634e-05,4.5467375e-05,5.1978324e-05,0.0002333771,0.00022553421,0.00010328329,5.5839664e-05,0.00020122898,0.0011069282,4.9606846e-05,3.7712667e-05,9.043336e-05
......N............,0.0005016751,0.0010964078,0.0009777945,0.0009979228,0.0013223275,0.0017474211,0.001980151,0.0031248054,0.0024835,0.0021734918,0.00082786137,0.00035242183,6.0343697e-05,1.983343e-05,2.1605973e-05,1.44232245e-05,3.8139977e-05,6.2823456e-05,5.8011385e-05,4.3474796e-05,5.4700948e-05,6.2284314e-05,8.4426414e-05,3.8295842e-05,2.5880101e-05,3.2116277e-05,0.00012901991,0.00027493507,6.664325e-05,8.489724e-05,0.00011009866,4.0445248e-05,9.6427875e-06,5.153774e-05
......N.ERI......K.,1.1140848e-05,2.922495e-05,7.282675e-05,1.2137361e-05,3.117005e-05,1.5329433e-05,2.882702e-05,3.565333e-05,3.809473e-05,8.753372e-05,8.243106e-05,4.0755032e-05,1.4151317e-05,1.3106095e-05,1.3658827e-05,1.9371826e-05,2.9720872e-05,3.9742714e-05,0.00023829668,0.00019512895,9.931461e-05,5.1488973e-05,6.368952e-05,3.465682e-05,3.3620814e-05,7.677618e-05,0.00030292646,0.0002664711,0.00016344323,0.0032342863,0.050850883,3.5750512e-05,7.630056e-05,0.00012139592
.....D.............,0.0016287256,0.0023251972,0.0012689896,0.0014488418,0.0018111984,0.0019626718,0.0027101953,0.00342535,0.0035883884,0.0037855846,0.004248247,0.0034348227,0.00024039566,4.2822394e-05,8.001529e-05,0.00018290982,0.00016541407,0.001981896,0.0017285357,0.0006591172,0.00049796805,0.00037473676,0.00058816874,0.00011154598,0.00019238713,5.6466757e-05,0.00011640427,0.00018890396,9.317592e-05,4.7956695e-05,0.0001617015,4.415521e-05,3.8502647e-05,3.4834786e-05
.....DN.E.I........,6.674648e-05,9.162681e-05,3.5690606e-05,3.3019744e-05,0.00010373502,0.00020260776,0.00016948658,0.00019991591,6.4900276e-05,0.00011767716,0.00012273247,3.0059335e-05,3.1743173e-05,7.54838e-06,5.6554713e-06,5.6532813e-06,1.6901335e-05,3.3212138e-05,9.904038e-05,2.9901255e-05,3.1837328e-05,5.686177e-05,7.54612e-05,0.00039501913,6.492211e-05,0.00035763552,0.0001570158,0.00023034775,0.0002197394,0.00024328804,0.00019755281,5.5383098e-05,0.00020292497,6.2131476e-05
....G..............,0.0013701537,0.0030508647,0.0020465762,0.0008610923,0.0015150603,0.0024982323,0.0019610815,0.0034125766,0.0024222443,0.002136955,0.0010857619,0.00022982138,9.7298296e-05,4.8603466e-05,2.8571689e-05,1.5351203e-05,2.646186e-05,5.460555e-05,0.00013083233,6.973054e-05,6.500435e-05,5.6247136e-05,6.763034e-05,7.657434e-05,3.2228618e-05,7.265343e-05,0.0004919681,0.0008360409,9.178473e-05,4.950846e-05,0.0006058078,0.00018239353,1.0761227e-05,0.00013671005
...S...............,0.0016514864,0.0022224225,0.0031632432,0.0025328759,0.0021819344,0.0034149587,0.0035866434,0.005069676,0.006132102,0.008952137,0.0010928395,0.00024693838,0.00010987124,1.6377917e-05,1.9103043e-05,1.6874395e-05,1.6091877e-05,5.532335e-05,0.00015081474,0.0002956045,0.00039639714,9.897773e-05,0.0001407705,5.1694627e-05,9.8751596e-05,8.408773e-05,0.0038021337,0.00021501549,4.2961812e-05,0.00037546045,9.7323275e-05,2.3727946e-05,2.895725e-05,4.2757143e-05
...S...G...........,9.389594e-05,0.00023961657,0.00020148998,4.8054673e-05,0.00011534608,0.00010417315,0.00014516435,0.00042363128,0.0010524801,0.0009992389,0.00040678677,0.00010440435,4.723025e-05,2.9999437e-05,6.210929e-06,1.0356549e-05,4.1823467e-05,7.563341e-05,0.00013427179,0.00014433588,0.00017768022,7.179006e-05,6.58953e-05,0.00010590826,3.2002157e-05,4.9236387e-05,0.0010950824,0.00051360927,5.6558965e-05,3.109423e-05,5.4867593e-05,3.8920898e-05,9.5303694e-05,2.6402804e-05
...S.DNGE.I........,2.7538412e-05,7.615786e-05,2.0767859e-05,1.380139e-05,1.9354644e-05,1.9040472e-05,2.7657554e-05,1.6003381e-05,2.6105732e-05,0.00010027658,6.460359e-05,3.1683077e-05,1.0461738e-05,8.278242e-06,1.0960804e-05,5.630146e-06,1.2479175e-05,6.182187e-05,4.3902943e-05,2.7823206e-05,4.8670358e-05,5.5620738e-05,3.3126686e-05,0.0001234592,1.8980207e-05,2.0782907e-05,7.733606e-05,0.00012758712,3.068352e-05,3.587145e-05,0.00024232971,0.00068785745,0.0060596056,0.014914552
...SG.N.E.I.YC....L,4.153295e-06,4.380892e-05,6.2877316e-06,1.0094675e-05,9.531983e-06,5.209542e-06,1.136939e-05,0.000106842286,1.30510925e-05,2.4701441e-05,5.104101e-05,3.3244294e-05,2.4058087e-05,5.9811828e-06,4.001974e-06,5.5388846e-06,1.23404125e-05,6.1913255e-05,7.048283e-05,4.8288126e-05,0.00011547008,0.00010229663,0.00014052128,6.317284e-05,5.1646326e-05,0.00021136903,0.00070616865,0.0004243871,5.258102e-05,5.1423194e-05,0.00024487425,0.00021335304,0.00019195226,0.00010821071
..W................,0.00057874573,0.00124922,0.0010702639,0.0006301731,0.0011839384,0.0026845122,0.0037617716,0.0030582526,0.0027298108,0.002117365,0.00032396166,0.00025946906,0.00027697385,4.0961728e-05,1.2410982e-05,1.0498774e-05,1.833234e-05,4.7175254e-05,7.3523945e-05,4.1087304e-05,4.4160795e-05,6.0908205e-05,8.090842e-05,6.872581e-05,6.599501e-05,0.00017103372,0.0012511482,0.00012887066,2.3042232e-05,7.066625e-05,0.00069167215,4.197214e-05,9.081553e-06,2.3288794e-05
..W..............K.,0.00020962741,0.0002600133,0.00033130418,0.00016759697,0.00013783346,8.200768e-05,0.00011956174,0.00044006488,0.00067375065,0.00042510242,0.00020431598,7.273114e-05,2.5689149e-05,1.1842618e-05,7.3836413e-06,1.3427958e-05,1.4159866e-05,7.897694e-05,7.137871e-05,0.00010382985,0.00019151502,0.00065547,0.00022978532,6.919934e-05,8.177182e-05,3.5330668e-05,0.00012487284,9.850306e-05,0.00016449968,0.00018564673,0.001318237,1.9364448e-05,3.8836726e-05,8.659887e-05
..W...N...........L,0.00020982901,8.465347e-05,5.3437157e-05,2.9907224e-05,7.3976036e-05,6.791851e-05,4.9970153e-05,4.6009915e-05,3.386019e-05,4.5281853e-05,4.6087443e-05,6.0830316e-05,1.359619e-05,7.821158e-06,4.4786866e-06,5.072457e-06,1.1132824e-05,3.912294e-05,4.4010638e-05,5.309025e-05,5.032036e-05,4.0549745e-05,0.00012826947,4.801428e-05,5.4061584e-05,4.0841256e-05,6.3441934e-05,6.534217e-05,9.843431e-05,9.379576e-05,0.00047005163,4.0923213e-05,2.3343104e-05,0.00010558846
..W...N....PYC.KS..,8.184199e-05,1.0402624e-05,3.5186317e-06,5.113566e-06,1.9279978e-05,6.8735403e-06,1.6696677e-05,1.7483007e-05,1.4841555e-05,7.3776675e-05,6.0034246e-05,5.6176388e-05,1.1956515e-05,5.3761614e-06,4.8947154e-06,7.129195e-06,8.009761e-06,0.0003074937,5.738176e-05,3.3465247e-05,5.8936086e-05,0.00010830738,0.00013197605,0.0007358978,0.00038206932,0.00010189075,0.00019892679,0.00010010532,0.00010913645,0.00011032633,0.00025269124,3.0145547e-05,1.6822165e-05,6.5236796e-05
.I.................,0.0020517125,0.0021096005,0.0014382292,0.001205364,0.0014634712,0.0021794294,0.0026428136,0.0032130885,0.0038275358,0.0028841344,0.0021433285,0.00042237618,0.0002537281,9.367599e-05,6.670192e-05,4.299242e-05,7.701233e-05,8.13694e-05,0.00016823782,0.00025370903,0.0002806385,0.00026189286,0.00017327364,0.0002511063,0.000596997,0.00015847341,0.0006639736,0.00023401683,0.00019646912,0.00015934979,0.001340724,0.00059648836,0.00016133938,0.00013537901
V..................,0.00072597346,0.0018919103,0.0016204015,0.0031514994,0.010106974,0.04843705,0.09046558,0.15334739,0.2668399,0.2751176,0.17510875,0.11813928,0.04014633,0.006481244,0.008274841,0.0057961587,0.010324445,0.0053319833,0.0035600497,0.005865011,0.0050475053,0.003390269,0.0013312404,0.00011783643,6.9340094e-05,0.00013320387,0.0019067272,0.00043679736,7.2076065e-05,5.8620197e-05,0.00043572448,2.0155763e-05,6.304707e-05,2.2091546e-05
V...........YC.....,9.364778e-05,0.00012614208,5.9481423e-05,2.8501063e-05,4.4917546e-05,0.00026118394,0.0010006573,0.008511037,0.0688016,0.22231968,0.666804,0.7684776,0.9032403,0.97608393,0.9740578,0.9640528,0.902816,0.7968896,0.7206393,0.6672481,0.5826825,0.4833124,0.41075662,0.018109897,0.0001829514,4.989603e-05,0.00043644002,0.0002910994,3.6734084e-05,0.00018307642,0.00014072315,1.7914943e-05,2.5830677e-05,5.9688093e-05
V..........PYC.....,1.13251e-05,2.5790805e-05,8.174505e-06,9.091591e-06,1.5682332e-05,8.2906176e-05,4.3806223e-05,0.00022510315,0.00093680964,0.0026600468,0.0069237524,0.010565837,0.0061725653,0.0048166863,0.00479243,0.008033854,0.021941485,0.057567086,0.107097894,0.13768898,0.18602572,0.22189857,0.21388575,0.018526053,0.00031334744,0.00012192167,0.0013244351,0.0008317309,5.679495e-05,0.0001892036,9.667039e-05,2.7644252e-05,4.285526e-05,4.6284433e-05
V..........PYCDKS..,6.9963417e-06,1.894604e-05,1.3760716e-05,5.2858195e-06,6.3833245e-06,3.4467157e-05,2.7076503e-05,2.5720105e-05,0.000114696,0.00016446582,0.0003559944,0.0004943784,0.00097056455,0.00011925108,0.00011626844,0.0001770665,0.0005618742,0.00050559005,0.0007206014,0.00046261077,0.0020250774,0.0050442093,0.016034132,0.12085182,0.00051996345,0.009440481,0.1517645,0.12146546,6.946588e-05,0.00010523437,0.00031858744,2.8074579e-05,1.3429833e-05,0.000116640476
V.........I.YC.K...,8.274372e-05,3.3930417e-05,7.3064e-06,1.3621334e-05,7.4624995e-06,7.04737e-05,1.6918433e-05,3.4485445e-05,0.0002236711,0.0016934315,0.0054840175,0.0050175204,0.0034601614,0.0011519206,0.0008869907,0.0011859493,0.0046344055,0.01774267,0.021678297,0.029406495,0.032452334,0.048926394,0.08399597,0.25802383,0.038866404,0.00018472126,0.0006234413,0.00036571373,3.863572e-05,4.3066193e-05,8.12885e-05,2.0978676e-05,1.7333266e-05,0.00019067866
V.......ERI.YCDK...,1.9773262e-05,3.840591e-05,5.700251e-06,5.27919e-06,5.7728616e-06,1.8390512e-05,1.1901073e-05,2.127198e-05,6.29523e-05,0.00021329643,0.0003762181,0.00015232885,0.0001579744,0.000104256345,5.5406792e-05,0.00013084247,0.00035750572,0.00022697308,0.00029193517,0.00066210877,0.0016102898,0.0027018522,0.0015405687,0.0063501503,0.0001857018,0.00084905117,0.007548034,0.005415295,0.00022291602,0.0021763488,0.0005339112,0.0005012738,0.00012863673,5.6889094e-05
V...G......PYCDKS..,1.0920489e-05,1.227666e-05,2.1653374e-05,3.7248851e-06,3.702935e-06,9.0836875e-06,1.8889308e-05,1.618188e-05,2.8289547e-05,0.00010880177,0.0003090253,0.0002079279,6.671976e-05,2.0696265e-05,3.5010842e-05,4.434179e-05,0.00014488824,0.0007176655,0.00027318607,0.00026114797,0.0003936114,0.0006071265,0.00051090703,0.00043554537,0.0007005907,0.010595621,0.20806494,0.33381063,0.00021017411,0.00029520507,0.00028208047,5.9774597e-05,1.40082075e-05,4.0362112e-05
V...GD.....PYCDKS..,1.16637e-05,1.4538629e-05,2.605324e-06,3.204514e-06,3.0130554e-06,6.504306e-06,2.0277605e-05,1.5203935e-05,2.5786512e-05,3.6718586e-05,0.00011023975,0.00019930965,0.0002971096,0.00010938253,3.180901e-05,6.860112e-05,0.00023737129,0.00068632915,0.0008472968,0.0020586867,0.0014821386,0.0033904887,0.002918648,0.008864847,0.00030581682,0.0011234474,0.022971982,0.07717089,0.00019072801,9.463694e-05,0.00033020592,3.8685874e-05,7.284665e-05,3.976812e-05
V..S......I.YC.K...,8.207925e-06,1.292873e-05,4.5459324e-06,6.302091e-06,1.0646958e-05,1.9157387e-05,8.351608e-06,3.0347164e-05,5.071575e-05,0.00033410167,0.0018303912,0.0023316753,0.0012344081,0.00044767265,0.00024872058,0.00051014655,0.0014138641,0.0022373267,0.0033522858,0.002561481,0.008456396,0.019465888,0.017019568,0.0018186248,0.000105666404,0.00012261687,0.0022513045,0.00064063614,0.00016432267,5.527689e-05,6.70011e-05,7.102547e-05,0.000301256,0.00036018968
V..S......I.YCDK...,4.1886256e-06,1.4003414e-05,4.0476575e-06,8.859582e-06,4.0810864e-06,1.0662479e-05,2.0141611e-05,1.958174e-05,2.7162136e-05,7.0025904e-05,0.00017164813,0.00030302216,0.00027406853,3.1161355e-05,2.2144157e-05,8.14719e-05,6.18336e-05,0.00010064112,0.00020722992,0.0003943187,0.0018368651,0.019296061,0.027690774,0.00985222,0.0015060665,0.000816526,0.021269498,0.0035953983,0.000116314266,0.00013856325,0.00011380306,2.2713446e-05,2.0741503e-05,4.095536e-05
V.W...N.E.I.YC.K..L,2.9457087e-06,1.5922944e-05,7.4961767e-06,4.3560653e-06,2.9021378e-06,5.1900684e-06,7.881072e-06,9.408127e-06,1.9059224e-05,0.0001218461,0.00019436763,0.00014399586,0.00019478366,8.8701294e-05,7.208725e-05,4.0377665e-05,9.304888e-05,0.00016441083,5.7324927e-05,5.681414e-05,0.00018446523,0.00040648284,0.0015660218,0.015627565,0.016969692,0.004899133,0.0006026716,0.00027562905,0.0005336224,0.00060689845,0.0008308996,0.0009872193,4.9171816e-05,9.3382354e-05
V.W.G.N....PYC.KS.L,9.098281e-06,2.5582633e-05,0.00019944018,3.5456633e-06,9.384285e-06,2.5780975e-05,1.4826529e-05,1.4931521e-05,1.4729582e-05,3.9569353e-05,0.00014781818,0.0001995883,9.8628836e-05,1.7487338e-05,1.582481e-05,9.663331e-06,1.9986674e-05,3.974487e-05,5.3433167e-05,7.317761e-05,0.00022978273,0.00015105924,0.00022668422,0.00083756086,0.0009224719,0.00044631603,0.0022564912,0.004783445,0.0014947274,0.005898108,0.0005751136,0.00017909076,7.99668e-05,0.00026319
VI.................,0.00043702437,0.0012355178,0.0010284877,0.001072633,0.0009942919,0.0021080635,0.0030160372,0.01458117,0.030926367,0.033737622,0.003802722,0.0009410005,0.00054536655,0.0002525044,9.36225e-05,4.8362206e-05,0.0002839865,0.0010845626,0.0009563385,0.0003122499,0.0005049383,0.00076617993,0.00026534972,8.954163e-05,4.9272385e-05,3.664497e-05,0.00023741374,0.00018760085,8.358283e-05,9.934158e-05,0.0005546162,1.9931413e-05,2.2018592e-05,6.148239e-05
VI..........YC.....,5.436219e-05,8.892717e-05,6.3959196e-05,4.199393e-05,5.059572e-05,5.1562667e-05,7.749995e-05,0.00024659897,0.003362748,0.008582976,0.021543518,0.014949256,0.010207506,0.0030591562,0.003993033,0.009883462,0.04314757,0.09045611,0.10396383,0.10359031,0.1023225,0.07240282,0.024858113,0.0013420605,9.2645656e-05,6.181548e-05,0.0002660667,0.00020020577,3.7211958e-05,4.5893285e-05,0.00012414376,2.5654019e-05,2.399663e-05,3.7941074e-05
VI..........YC..S..,2.0900607e-05,6.9359725e-05,0.00014853044,2.0505026e-05,8.236642e-06,1.5523658e-05,1.8992487e-05,4.423815e-05,0.0001572581,0.0005063766,0.0022484597,0.0010882898,0.00058022473,0.0002528328,0.00013766669,0.00020488794,0.00056367746,0.0019822023,0.005665745,0.009088278,0.016270608,0.02833687,0.044412658,0.09167122,0.001910527,8.731125e-05,0.00029006196,0.0006024206,0.00012827803,5.3849686e-05,0.000102841135,2.7807899e-05,1.6287087e-05,4.6863708e-05
VI..........YC.K...,1.7466826e-05,4.8083588e-05,7.6620636e-05,3.0332743e-05,1.247684e-05,1.339423e-05,1.5313157e-05,3.9269788e-05,0.00021704877,0.00021238152,0.00026162772,0.0002464643,0.0002085453,0.000108202454,0.0001615917,0.00013380256,0.0002725709,0.0003949864,0.0005169384,0.0011254149,0.0025461533,0.007393653,0.025042089,0.083386965,0.00013453868,0.00018718526,0.0013743062,0.0002654029,3.746889e-05,5.117569e-05,0.00019815397,2.5830803e-05,1.7408558e-05,0.000112886344
VI..........YC.KS..,4.0835675e-05,3.5746594e-05,1.5914571e-05,1.1438406e-05,1.0479183e-05,1.4715426e-05,2.1023729e-05,4.1632986e-05,0.000116299714,0.00027289343,0.0008492156,0.00060585566,0.00047132297,0.0004311457,0.000386963,0.0001714267,0.00024666518,0.00026173668,0.0002330204,0.0002597123,0.00029958886,0.00047188505,0.001928541,0.018269116,0.018947804,0.009006082,0.046097886,0.014990964,5.7967954e-05,5.8570182e-05,0.00026021374,3.7111386e-05,3.1810687e-05,3.828594e-05
VI..........YC.KS.L,5.946575e-06,1.7425336e-05,4.423369e-06,7.456782e-06,7.0150772e-06,9.733513e-06,8.546374e-06,3.255176e-05,0.000100425714,0.0005185635,0.00015111419,0.00010953541,8.06139e-05,3.3125787e-05,3.190471e-05,4.0868545e-05,3.9101677e-05,0.00010286527,0.00017403525,0.00014207566,0.00019816568,0.00013217719,0.00023392022,0.0014988375,0.00072979106,0.00018031671,0.00060102635,0.00023099473,0.00012953885,0.00015317718,0.0010990946,7.489896e-05,7.3473326e-05,0.00013162644
VI.........P.......,7.727855e-05,0.0002551795,0.00048472357,0.00011784758,0.0002317379,6.654993e-05,0.00011552151,0.00015013605,0.0002826722,0.0002721404,0.00016278091,0.000110323774,2.4928882e-05,1.187648e-05,6.623522e-06,8.140819e-06,2.452993e-05,4.6378627e-05,0.00010501059,0.00019108891,0.00048706442,0.00029613613,0.00040531557,0.00012124818,5.685524e-05,0.0002638332,0.013097982,0.002066719,0.00021778884,6.060589e-05,0.00032196005,3.6469017e-05,1.683486e-05,5.9370173e-05
VI.........PYC.....,9.477692e-06,1.8130857e-05,6.9276152e-06,7.0142164e-06,5.3137223e-06,9.826624e-06,1.1936082e-05,8.325053e-05,7.386618e-05,0.00013007774,0.0005364987,0.00040030465,0.00014696312,5.3644002e-05,6.6414505e-05,0.00016157674,0.0004745907,0.0018373295,0.0038968443,0.010019197,0.020141216,0.023844838,0.014443587,0.002403456,0.00027196878,0.0001785086,0.0013402828,0.00036596233,6.980051e-05,4.742986e-05,0.00010273252,3.440596e-05,3.2586897e-05,4.4565124e-05
VI.........PYCDKS..,1.37402885e-05,2.0503028e-05,5.869296e-06,1.2986776e-05,4.427663e-06,7.840515e-06,8.317041e-06,1.5472757e-05,4.6141075e-05,9.641233e-05,5.159309e-05,3.3707034e-05,2.2900344e-05,1.3393593e-05,5.727787e-06,2.1519048e-05,1.1684213e-05,7.618534e-05,0.00017049146,5.3102962e-05,9.819726e-05,0.000520394,0.005721846,0.04716616,0.0005375318,0.0010676445,0.010888248,0.007587084,6.848361e-05,0.00019231475,0.00012187532,2.162035e-05,1.7957893e-05,5.129556e-05
VI......E.I.YC.KS.L,6.857743e-06,1.34010625e-05,2.9613182e-06,3.9191855e-06,6.782958e-06,1.8867288e-05,2.5924817e-05,1.4828765e-05,0.00010974982,3.1967535e-05,4.2018477e-05,2.5097555e-05,1.2293916e-05,6.5213803e-06,3.078866e-05,1.298695e-05,1.8304876e-05,4.9772807e-05,5.8420283e-05,3.547477e-05,5.9435843e-05,8.347217e-05,0.0005292817,0.008519219,0.031488642,0.026418773,0.026171673,0.01164548,0.0025717989,0.0014571649,0.0115450965,0.027766138,0.000384064,0.00024123106
VI......E.I.YCD....,1.7759123e-05,1.8468509e-05,1.2527853e-05,6.3495386e-06,9.173289e-06,1.6893651e-05,1.0581078e-05,2.1771986e-05,6.330413e-05,0.00019574507,0.000102834056,4.5788045e-05,2.1365773e-05,8.498121e-06,6.542268e-06,9.49057e-06,2.0011965e-05,4.223128e-05,6.719402e-05,6.049686e-05,8.622459e-05,0.00012156034,0.00021526086,0.00021273125,0.00030650006,0.0009981567,0.013077363,0.011102995,8.6448636e-05,5.0998595e-05,7.961534e-05,4.177367e-05,1.1153638e-05,2.1033575e-05
VI.....GE.I.YCDKS.L,4.0898985e-06,9.3444905e-06,3.4613954e-06,6.394708e-06,4.985301e-06,1.5390795e-05,9.530651e-06,1.5152824e-05,3.5614754e-05,3.964785e-05,0.00014743046,4.459554e-05,9.740552e-05,2.2459606e-05,1.2321118e-05,4.5947945e-05,9.799053e-06,3.4762797e-05,0.00017378032,5.994363e-05,5.422027e-05,4.996392e-05,4.7609123e-05,9.2662856e-05,0.00010830877,0.0001521436,0.000809475,0.0013187126,0.0063429875,0.007393161,0.002934226,0.0049182614,0.0018019491,0.012892177
VI....N.....YC.KS.L,6.79763e-06,3.4241737e-05,5.6864114e-06,4.9764008e-06,7.103213e-06,8.12419e-06,6.9711314e-06,1.2379493e-05,1.7481838e-05,3.305793e-05,4.936818e-05,3.267123e-05,1.3925226e-05,7.3188485e-06,6.287151e-06,9.066958e-06,2.8815854e-05,3.4500426e-05,5.6522313e-05,3.8071328e-05,7.136819e-05,7.041978e-05,0.00017821381,0.0011084736,0.0008085068,0.0005546386,0.0007065378,0.00039193622,0.00090207584,0.000985075,0.0009780768,0.0002470979,7.1646646e-05,0.0003607731
VI....N...I.YC....L,7.474043e-06,9.655392e-05,3.937694e-06,5.9125646e-06,6.788983e-06,7.0123647e-06,8.877954e-06,1.4968963e-05,1.6338294e-05,3.0427977e-05,4.79192e-05,0.00012933718,1.6934147e-05,9.635632e-06,6.419487e-06,6.9432117e-06,0.00011530542,7.557797e-05,7.950942e-05,5.9405036e-05,0.00014873742,7.6126475e-05,0.00011750682,0.0002069469,0.00037545222,0.00047074596,0.00019886173,0.00013895656,0.0001454479,0.0001459152,0.00015042827,4.844246e-05,2.2678942e-05,4.798699e-05
VI....N.E.I.YC.KS..,6.570568e-06,9.138599e-06,5.2762316e-06,6.322625e-06,2.4985195e-05,6.954895e-06,9.650769e-06,3.7792117e-05,4.926516e-05,2.8243529e-05,6.2115156e-05,2.9209648e-05,3.36742e-05,6.6428597e-06,7.339581e-06,6.086751e-06,1.0814285e-05,0.00010347676,9.491994e-05,5.9583992e-05,4.2290987e-05,7.409661e-05,0.00086147344,0.012566909,0.050408993,0.03519122,0.017218232,0.0036724212,0.0006904971,0.00037668576,0.0008619837,0.0023401172,5.7904534e-05,0.0002582137
VI....N.ERI.YC.KSKL,1.3875723e-05,8.9105215e-06,1.6011682e-05,6.174141e-06,5.285692e-06,4.976833e-06,3.9575907e-06,8.018362e-06,1.1423604e-05,2.0589188e-05,7.3344585e-05,9.362754e-05,1.9203055e-05,1.3897969e-05,4.905585e-06,2.3015782e-05,4.072878e-05,2.5271956e-05,0.00020461334,0.00020274028,0.0001932792,0.00010439168,8.144646e-05,0.00023898591,0.00041284607,0.00050870364,0.00074641424,0.0039554476,0.050610486,0.07586413,0.06385503,0.013955318,0.00019387147,0.00041723798
VI..G......PYCDK...,1.0756013e-05,8.819453e-06,7.523858e-06,5.4658403e-06,9.976209e-06,1.627978e-05,4.0615025e-05,1.2232339e-05,1.3212102e-05,3.550101e-05,0.00010563384,4.1938525e-05,4.5204477e-05,8.733432e-06,6.428057e-06,1.5710884e-05,1.4620374e-05,6.106387e-05,6.322669e-05,6.522296e-05,0.00011970082,0.000103782295,0.00027658002,0.0006248864,0.0021249803,0.010333878,0.21395195,0.18399101,0.000117943426,4.399902e-05,5.435843e-05,2.1771639e-05,3.1392745e-05,8.1985396e-05
VI.S........YC.....,1.2505427e-05,2.5379359e-05,1.0976368e-05,1.5947855e-05,1.9414485e-05,3.5414752e-05,9.128565e-05,0.00020651349,0.0003299814,0.0013344747,0.007367693,0.004563277,0.0011805188,0.00023340412,0.0002273798,0.00027103463,0.0006238124,0.0007878951,0.0028049052,0.006580881,0.0125779295,0.03729199,0.071085945,0.00025402714,4.226501e-05,6.789109e-05,0.00293426,0.00063555245,0.00021117306,6.456788e-05,0.00022802576,3.142231e-05,4.8518647e-05,8.273739e-05
VIW.........YC.....,3.7584872e-05,8.6528256e-05,5.3020343e-05,7.116054e-05,9.174301e-05,3.395286e-05,2.7204987e-05,4.187573e-05,0.0001541294,0.00027364556,0.0006375668,0.0005356186,0.0003090444,0.00022544319,0.00024413073,0.00042826872,0.0007101004,0.001820856,0.0016969824,0.002360386,0.0035163832,0.0020294131,0.0016271065,0.0014882162,0.00015745412,5.727721e-05,0.00031854157,0.00048296753,5.0493185e-05,7.027819e-05,0.00018966137,3.3373806e-05,7.1307586e-05,4.058753e-05
VIW.....E.I.YC.KS.L,3.5120513e-06,2.4258876e-05,2.7013145e-06,2.8814495e-06,2.5814904e-06,4.8359457e-06,8.227116e-06,5.8775397e-05,1.2020147e-05,5.617421e-05,8.6582484e-05,2.1266651e-05,1.20818895e-05,6.77267e-06,5.16372e-06,4.5668467e-06,1.343623e-05,0.00010409538,8.8814784e-05,7.666658e-05,4.4402437e-05,0.00017356793,0.0014810757,0.032062255,0.09299838,0.056366738,0.012176645,0.0024876646,0.005183875,0.00976808,0.01735844,0.0035426875,0.00016437817,0.00024640275
VIW...N.....YC.KS.L,5.7617995e-06,4.7655918e-05,6.1253063e-06,4.562806e-06,4.3015016e-06,8.224636e-06,4.6894716e-06,1.11706895e-05,1.3150543e-05,3.2782442e-05,3.2997385e-05,2.7160515e-05,1.1601655e-05,5.4183893e-06,7.775406e-06,8.615417e-06,3.1459258e-05,7.620358e-05,4.8253783e-05,3.4366643e-05,5.6420282e-05,4.6084046e-05,0.00032291302,0.0042069224,0.006734747,0.0018211115,0.0003911479,0.00060927996,0.002137232,0.0018287436,0.0059185303,0.0023541197,0.00041304456,0.00051895983
VIW...N.....YC.KSKL,4.927769e-06,9.506914e-05,3.6656784e-06,2.3903198e-05,1.9034818e-05,5.5808787e-06,1.7430713e-05,1.6823813e-05,2.0027892e-05,2.6113496e-05,3.071456e-05,5.0575993e-05,3.4828292e-05,2.3766886e-05,4.055768e-06,9.927061e-06,3.738032e-05,6.218926e-05,4.916995e-05,4.5492077e-05,5.0599807e-05,0.00016972057,0.00024637548,0.002288046,0.0005431147,0.0005892414,0.00031943977,0.0005729018,0.0028399588,0.008274377,0.0274592,0.0014557422,6.293155e-05,0.0003071251
VIW...N....PYCDKS.L,3.0617382e-06,2.6632442e-05,9.359414e-06,8.149358e-05,1.4020731e-05,8.905191e-06,2.429871e-05,8.230037e-06,4.550381e-05,0.00015643827,2.4608466e-05,4.9922684e-05,3.0779152e-05,6.7756904e-05,4.561219e-06,5.208335e-06,1.9864754e-05,0.00011606179,5.460002e-05,6.80019e-05,3.3013584e-05,0.0001000675,0.0014228758,0.02029256,0.016141426,0.0026741421,0.003474295,0.0006814361,0.0014159227,0.0032502476,0.0010256557,0.00028462987,9.465054e-05,7.3477146e-05
VIW...N...I.YC..S.L,1.1875057e-05,8.475384e-06,4.4564335e-06,5.1960155e-06,1.1278078e-05,5.7400953e-06,4.1459734e-06,8.739441e-06,1.4805152e-05,4.1300435e-05,9.418457e-05,7.7050805e-05,1.1789908e-05,8.906464e-06,3.7271882e-06,7.5379708e-06,3.566355e-05,5.1058447e-05,5.715336e-05,4.6887515e-05,4.025928e-05,0.000100640296,0.0006639917,0.009396015,0.02116612,0.008019072,0.000119813056,0.00060669426,0.0007720151,0.0006162776,0.0008543402,0.00022954539,5.3712774e-05,0.00012323815
VIW...N...I.YC.KS.L,3.9536267e-06,1.007758e-05,8.4006215e-06,6.802206e-06,1.9100644e-05,5.1356524e-06,5.991151e-06,1.2184383e-05,4.8414124e-05,0.000121274985,3.438975e-05,6.270779e-05,1.6713586e-05,1.759549e-05,3.0609758e-06,3.886096e-06,7.844305e-06,2.448043e-05,5.129075e-05,3.4804325e-05,4.2405805e-05,9.688752e-05,0.0028898446,0.057949793,0.1528163,0.14123921,0.0005924983,0.0012728559,0.0044400436,0.0038560354,0.0030629036,0.0008420217,0.00031591323,0.0013881472
VIW...N.E.I.YC.KS..,1.7628397e-05,1.2353704e-05,1.13994965e-05,9.721665e-06,1.2205133e-05,1.3800115e-05,2.6647416e-05,8.239799e-06,2.8228777e-05,5.2601812e-05,3.0541003e-05,3.3445587e-05,4.946974e-05,5.699626e-06,6.3736006e-06,4.996069e-06,8.0175705e-06,3.2984553e-05,8.9734785e-05,4.119398e-05,0.0001225855,0.00047541654,0.0017744404,0.04135758,0.14402524,0.10697206,0.011319512,0.0015285449,0.0011512616,0.002170958,0.0032074887,0.005607861,0.00020417802,0.00033543908
VIW...N.E.I.YC.KS.L,6.1533997e-06,2.8658402e-05,1.3003322e-05,3.2227338e-06,3.758365e-06,1.2510384e-05,5.0192507e-06,7.991315e-06,1.5506317e-05,6.7743786e-05,0.00019577068,3.3383003e-05,2.7342074e-05,4.575749e-06,3.3621063e-06,4.4032167e-06,8.801306e-06,3.5305482e-05,0.00015530604,5.399207e-05,8.37352e-05,5.7454563e-05,0.0010454657,0.0676621,0.35261378,0.5240692,0.038551018,0.020106543,0.08634911,0.028383985,0.03226978,0.13652414,0.00074564276,0.000578702
VIW...N.E.I.YC.KSKL,2.7774004e-06,2.507648e-05,3.8249386e-06,4.2851375e-06,4.648234e-06,1.10827405e-05,1.2795305e-05,1.5171245e-05,8.947389e-06,3.996224e-05,2.6060323e-05,2.887904e-05,9.266741e-06,5.0063854e-06,1.2569428e-05,6.7178376e-06,1.0121848e-05,0.000118117496,7.489697e-05,3.1874617e-05,3.1035346e-05,3.880436e-05,0.00022467607,0.002490574,0.0026742425,0.003187533,0.00054022385,0.0014583216,0.014677049,0.025447724,0.049704283,0.15247364,0.00021760067,0.00082909106
VIW...N.ERI.YC.KS.L,3.3693448e-06,2.2650629e-05,3.1303134e-05,4.137599e-06,1.021572e-05,3.5105153e-05,1.3660662e-05,2.4149433e-05,1.8419827e-05,3.1511085e-05,0.00019881247,4.2614483e-05,1.4170845e-05,2.4577048e-05,6.7667374e-06,1.606477e-05,7.691966e-06,2.652763e-05,0.00021628694,6.5715394e-05,2.2879598e-05,3.1508967e-05,8.644535e-05,0.0014723607,0.015452156,0.009637317,0.0004420241,0.007545613,0.13840255,0.23160355,0.24218382,0.1646534,0.00086430355,0.0021064791
VIW...N.ERI.YC.KSKL,4.0840832e-06,7.5022094e-06,4.433458e-06,1.6635751e-05,5.134597e-06,1.6210111e-05,2.722983e-05,7.5556277e-06,6.925202e-05,4.0193096e-05,9.861671e-05,1.5902637e-05,1.0395116e-05,2.0945878e-05,3.260821e-05,9.290336e-06,1.8692968e-05,2.6610334e-05,0.00017594823,8.437886e-05,0.00015520677,0.00015639112,0.00010048907,0.0011267238,0.0014659232,0.0010525949,0.0013384455,0.0086783655,0.13129653,0.36019754,0.33948034,0.006058335,0.00010750985,0.0010682027
VIW...NG....YC.KS.L,3.1113348e-05,4.89234e-05,6.5057643e-06,7.724481e-06,6.41049e-06,5.2769055e-06,1.6472013e-05,5.162069e-05,0.00017207288,0.000100023855,5.4713753e-05,2.6986903e-05,1.3381215e-05,2.1010419e-05,3.448748e-05,1.8451034e-05,2.6246567e-05,3.652764e-05,0.000115303854,0.0004154412,7.1461014e-05,0.0002018829,0.0006275882,0.012000644,0.007481301,0.006824755,0.029598009,0.012081617,0.0045344797,0.0053132963,0.0020885824,0.0014379737,0.0007470474,0.0003691981
VIW...NG...PYC.K..L,8.827688e-06,1.9252568e-05,9.203421e-06,5.7774296e-06,6.0649613e-06,1.22293495e-05,4.1942926e-06,2.2304857e-05,1.1487886e-05,2.6618685e-05,5.989517e-05,2.7863087e-05,5.8427016e-05,1.35970395e-05,7.2297616e-06,0.0002608902,1.2394974e-05,0.00011360581,4.3226377e-05,2.8464983e-05,8.591932e-05,6.247009e-05,0.00025532066,0.00444874,0.0010467162,0.0022886612,0.020539954,0.008435653,0.002332262,0.0016188975,0.0010031866,0.00084439357,0.00034947254,0.00020685839
VIW...NGE.I.YC.KS..,8.208895e-06,9.056343e-06,5.3226313e-06,3.7603056e-06,5.1541774e-06,8.252921e-06,1.1609797e-05,4.37105e-05,2.6377487e-05,4.249786e-05,4.8223883e-05,3.7606143e-05,1.07962705e-05,1.7977713e-05,1.692313e-05,6.2343456e-06,4.566129e-05,3.7709946e-05,4.429702e-05,6.020649e-05,0.0001774176,4.6851925e-05,9.770463e-05,0.00061446027,0.0012460423,0.0012400813,0.00051914813,0.0012366764,0.01156854,0.010146769,0.0027538503,0.00094451953,0.00081063085,0.0020023184
VIW...NGE.I.YC.KS.L,3.9036545e-06,1.42262425e-05,2.4471672e-06,4.5039915e-06,3.7740985e-05,1.985536e-05,4.0730906e-06,1.6066322e-05,3.1189305e-05,8.861733e-05,0.00012028334,3.9916402e-05,2.1466873e-05,9.458683e-06,5.74525e-06,4.651291e-06,2.2561251e-05,2.1222366e-05,5.7615078e-05,3.3993965e-05,3.4008543e-05,5.4676704e-05,0.00015455196,0.0008694873,0.0032923059,0.006454687,0.0039662765,0.03442814,0.46062875,0.13771519,0.06196959,0.115351595,0.009230538,0.014724702
VIW...NGE.I.YC.KSKL,1.3614806e-05,4.3885444e-05,1.2434889e-05,7.675069e-06,4.12691e-06,9.543529e-06,7.330445e-06,1.2547045e-05,8.278226e-06,1.9573796e-05,3.1007963e-05,2.8008868e-05,2.50317e-05,1.1950877e-05,8.600107e-06,4.6711666e-06,1.3577768e-05,5.77855e-05,0.00010324925,0.00011727118,0.00014502557,7.016652e-05,0.00015191249,0.00035884092,0.0005707295,0.00020380919,0.00017150279,0.0015004898,0.021841431,0.022353189,0.00975103,0.010789193,0.0017346586,0.004580814
VIW..D.GE.I.YC.KS.L,3.1271645e-06,2.0821355e-05,5.134235e-05,6.7460146e-06,5.535999e-06,1.547634e-05,1.2334968e-05,6.646435e-06,1.2724786e-05,5.2245796e-05,2.9092083e-05,2.1869799e-05,1.0441993e-05,4.92346e-06,9.014924e-06,1.0511709e-05,4.2718373e-05,3.3296114e-05,5.9050777e-05,5.346834e-05,0.000103036145,7.53618e-05,0.00017878323,0.0012338487,0.00024121204,0.00035726227,0.0002415146,0.00071318913,0.00560742,0.0019716849,0.0013178977,0.004460887,0.006727086,0.014368848
VIW..DN.....YC.KS.L,4.014643e-06,7.1759864e-06,4.091938e-06,1.2481556e-05,7.801167e-06,5.6691433e-06,1.3640874e-05,1.0667383e-05,2.6446705e-05,3.0517076e-05,3.3402463e-05,2.3306582e-05,6.510363e-05,5.5585965e-06,7.862769e-06,6.812574e-06,8.591137e-06,2.8587243e-05,6.4895794e-05,4.510909e-05,4.6711026e-05,7.265216e-05,0.00018139926,0.00023652037,0.00019878788,0.00020165097,0.00021297325,0.00022924258,0.0003685755,0.00022980082,0.00057313754,0.0012895556,0.0037059078,0.0104288375
VIW..DN.ERI.YC.KSKL,1.2318958e-05,8.006865e-06,5.479918e-06,3.3342685e-06,1.3609643e-05,1.4297994e-05,3.8926188e-05,7.779234e-06,1.8672e-05,3.347164e-05,0.00032941514,3.4529883e-05,5.4856646e-05,2.3277493e-05,2.2948234e-05,8.627997e-06,1.3938797e-05,5.7840803e-05,8.522301e-05,0.00012065201,7.986709e-05,3.4407032e-05,5.807514e-05,0.0001620523,0.0002681549,0.00043957235,0.00017151816,0.0011116334,0.013774153,0.022478815,0.014825484,0.005580209,0.0021407523,0.022843616
VIWS..NGE.I.YC.KS.L,1.07831065e-05,6.179901e-06,3.1555912e-06,1.0178555e-05,2.4290416e-06,2.2309723e-05,1.3503095e-05,8.956619e-06,3.1833315e-05,0.0001534187,4.3499556e-05,5.2479932e-05,5.0750215e-05,2.5917918e-05,5.833201e-05,8.803012e-06,1.2646448e-05,3.8021768e-05,7.403364e-05,3.23624e-05,1.45305285e-05,2.4953517e-05,9.597526e-05,5.9008973e-05,0.00019431383,0.00021888872,0.00026059125,0.0018081659,0.013512707,0.009759283,0.011973851,0.0765313,0.13794419,0.10864652
VIWS.DN.E.I.YC.KS.L,1.8911844e-05,8.151038e-06,2.6283258e-06,5.2618843e-06,2.4853146e-06,3.711064e-06,6.374008e-06,8.14169e-06,0.000105238614,4.3254713e-05,2.8799832e-05,7.1524584e-05,7.8145185e-06,3.8810067e-06,5.152868e-06,1.5028592e-05,1.1930525e-05,1.8791596e-05,9.340166e-05,2.8337708e-05,3.1302065e-05,3.7760743e-05,0.00016766804,0.00046497467,0.002371051,0.0008444382,0.0007271556,0.0016264495,0.0010649292,0.0013152736,0.0057667475,0.06803697,0.04222946,0.027790567
VIWS.DN.ERI.YC.KSKL,1.0875476e-05,2.2447543e-05,2.7465087e-06,9.17324e-06,6.029419e-06,7.0387696e-06,5.836676e-06,2.271097e-05,0.000106996755,2.3836546e-05,7.518773e-05,2.5750422e-05,1.8781522e-05,4.005387e-06,1.47759965e-05,1.2234739e-05,6.727289e-05,7.5688404e-05,3.2801763e-05,2.3521188e-05,2.0132087e-05,2.7979415e-05,0.00010727675,4.8073478e-05,7.7965924e-05,0.00012433704,8.851027e-05,0.00021353642,0.0014567113,0.0049687824,0.0033780807,0.009539441,0.01531001,0.089512646
VIWS.DNGE.I.YC.KS.L,2.6008063e-06,2.3050789e-05,8.120518e-06,2.3987313e-06,5.4009083e-06,8.123601e-06,4.1997584e-05,1.1008554e-05,2.1402635e-05,2.7376262e-05,7.5007396e-05,5.7853973e-05,2.74416e-05,7.80184e-06,3.583223e-06,1.2229665e-05,3.3883698e-05,5.705376e-05,4.443762e-05,3.5535584e-05,1.0719965e-05,0.00019292223,0.00018088162,6.532253e-05,7.3346564e-05,0.0001964507,0.00053284585,0.00066866394,0.003624494,0.0009114227,0.004509024,0.17611216,0.7634308,0.65908104
