Symbols and linkage group index,0,1,2,3,4,5,6,7,8,9,10,11,12,13,14,15,16,17,18,19,20,21,22,23,24,25,26,27,28,29,30,31,32,33,34,35
... 0,0.808736372,0.747670583,0.705423341,0.657435001,0.625734821,0.530571763,0.525911898,0.567532883,0.620817568,0.701931345,0.994037786,0.994205205,0.994292126,0.994078142,0.994481835,0.993083581,0.993954048,0.993989951,0.994349313,0.993284304,0.992945799,0.989318193,0.976760122,0.944247352,0.95220609,0.88083116,0.826280418,0.801847632,0.77840339,0.796767393,0.87512047,0.911448929,0.951926978,0.82005024,0.27008547,0.054960038
..C 0,0.000691048,0.000308153,0.000758663,0.000958915,0.000542129,0.000367632,0.000526252,0.000805377,0.000995254,0.000696596,0.000890809,0.000977118,0.000943279,0.000984331,0.000906217,0.001036991,0.00094797,0.000782894,0.000915559,0.001017612,0.000844733,0.000889753,0.000953432,0.000915293,0.000800784,0.000840267,0.000773349,0.00069588,0.000746599,0.000511084,0.000467276,0.000780831,0.004310345,0.044073989,0.195669516,0.057216737
..G 0,0.000181385,7.92E-05,8.45E-05,0.000179328,6.86E-05,0.000128202,0.000205311,5.44E-05,0.000207726,9.32E-05,0.000144213,0.000105947,0.00024227,0.00019408,0.000156946,0.000262716,0.000235724,0.000355656,0.000414132,0.000755715,0.000871912,0.003224706,0.009569593,0.017636197,0.011759084,0.008881186,0.014215847,0.013086459,0.004852337,0.010962755,0.01124383,0.016446245,0.009685598,0.061657913,0.308490028,0.821908792
.L. 0,0.000520475,7.92E-05,0.000432989,0.000307742,0.000389456,0.000170364,0.000205311,0.000440056,0.000340765,0.000270115,0.000340463,0.000268306,0.00036082,0.000428057,0.000419224,0.000672561,0.000663791,0.000715517,0.000816259,0.000783691,0.00115637,0.0028593,0.009010395,0.034065491,0.031756855,0.10625046,0.155602723,0.181150473,0.213145787,0.189037245,0.111124091,0.069420721,0.032860041,0.074217858,0.218575499,0.061165961
.LC 0,0,0,0,0,0,0,0,0,0,0,0,0,0,0,0,0,0,0,0,0,0,0,0,0,0,1.31E-05,5.29E-05,0.000110715,9.06E-05,8.94E-05,0,0,0,0,0.001937322,0.000470146
.LG 0,0,0,0,0,0,0,0,0,0,0,0,0,0,0,0,0,0,0,0,0,0,0,0,0,0,0,0,0,1.46E-05,0,0,0,0,0,0.001937322,0.001504466
I.. 0,0.18976031,0.251862786,0.29324669,0.340870443,0.373127883,0.468492661,0.473006238,0.43072754,0.37736605,0.296788364,0.004586729,0.004443424,0.004161505,0.00431539,0.004035778,0.004944151,0.004198467,0.004155982,0.003504737,0.004158679,0.004163811,0.003708047,0.003693577,0.003051835,0.003378104,0.002961726,0.002772502,0.0026465,0.002325112,0.002095445,0.002044333,0.001903275,0.001217039,0,0.000569801,0
I.C 0,8.63E-05,0,5.38E-05,0.000126481,8.57E-05,0.000143275,0.00014499,0.000263792,0.000156862,0.000144916,0,0,0,0,0,0,0,0,0,0,0,0,0,0,0,0,0,0,0,0,0,0,0,0,0,0
I.G 0,0,0,0,0,0,3.34E-05,0,3.98E-05,4.73E-05,0,0,0,0,0,0,0,0,0,0,0,0,0,1.29E-05,1.78E-05,1.57E-05,0,1.76E-05,0,0,0,0,0,0,0,0,0.001363423
IL. 0,2.41E-05,0,0,0.00012209,5.14E-05,9.27E-05,0,0.000136177,6.85E-05,7.55E-05,0,0,0,0,0,0,0,0,0,0,1.74E-05,0,0,6.61E-05,8.33E-05,0.000222066,0.000284749,0.000462341,0.000421512,0.000536638,0,0,0,0,0.002735043,0.001410437
.. 1,0.96963337,0.980060563,0.972739389,0.972046381,0.972015381,0.971870487,0.971341262,0.967216193,0.964726859,0.96890843,0.981491481,0.981270494,0.979821417,0.980120591,0.980143677,0.979467141,0.979347574,0.979834837,0.980254494,0.979830846,0.979045909,0.976648209,0.975034589,0.972172987,0.970950882,0.968950915,0.959399417,0.948289342,0.958726592,0.93369961,0.900148944,0.852618223,0.811308316,0.922585065,0.975156695,0.978373296
.P 1,0.015584159,0.010560293,0.013969402,0.014215031,0.014886132,0.014802015,0.015580625,0.018495136,0.019449263,0.017873825,0.00843932,0.008569433,0.009715985,0.009075759,0.008956352,0.009177071,0.009880938,0.009692354,0.009177601,0.010124964,0.009865275,0.010612323,0.010636207,0.011807228,0.011816275,0.015166955,0.01614788,0.017734643,0.019170868,0.016520795,0.014806811,0.014152555,0.016227181,0.017355561,0.017321937,0.014292431
S. 1,0.013312154,0.008692403,0.012316266,0.012370423,0.012037796,0.012155364,0.011994906,0.013012217,0.014422621,0.01201866,0.009419833,0.009418978,0.009603443,0.010031086,0.010141094,0.010686506,0.010045874,0.009833696,0.009947328,0.009418911,0.010298304,0.011985364,0.013594807,0.015315017,0.016326641,0.01470273,0.023100058,0.032410234,0.020449802,0.0479908,0.083262755,0.131155141,0.169523327,0.058689198,0.007521368,0.006958157
SP 1,0.001470317,0.000686741,0.000974944,0.001368164,0.001060691,0.001172134,0.001083206,0.001276454,0.001401257,0.001199085,0.000649365,0.000741096,0.000859155,0.000772564,0.000758877,0.000669281,0.000725614,0.000639114,0.000620576,0.00062528,0.000790512,0.000754104,0.000734397,0.000704768,0.000906202,0.001179399,0.001352645,0.001565781,0.001652738,0.001788794,0.00178149,0.002074081,0.002941176,0.001370176,0,0.000376117
......... 2,0.144909153,0.212660563,0.198838328,0.23889653,0.253654108,0.302817511,0.309015555,0.291608922,0.299593098,0.341756468,0.560001815,0.561923665,0.569620611,0.5681515,0.572080908,0.570767092,0.569855403,0.573695175,0.57893293,0.574759731,0.571648785,0.56469391,0.560221319,0.557706956,0.562493694,0.577955929,0.573205676,0.583436532,0.588619178,0.592078196,0.600362139,0.568493485,0.451217039,0.455811829,0.574814815,0.331405736
........A 2,0.012162913,0.009920963,0.013967262,0.012147471,0.013030454,0.011305852,0.011557224,0.01292398,0.011924164,0.012007277,0.008771863,0.009518297,0.008309906,0.008333149,0.010681469,0.010625673,0.008550082,0.008464348,0.008432126,0.010178927,0.011475806,0.016193498,0.022480519,0.027055892,0.022895694,0.016412304,0.015130912,0.013110061,0.009166001,0.008918418,0.008469379,0.00817432,0.005527383,0.002740352,0,0.001786554
.......A. 2,0.001582186,0.000677936,0.001445661,0.001548137,0.001700857,0.001446471,0.001387622,0.001626162,0.001720233,0.00136033,0.001078941,0.001204259,0.001124798,0.001170263,0.001346122,0.001216268,0.001544756,0.002820436,0.005440429,0.009352714,0.013216161,0.02083892,0.022484643,0.029162152,0.02136475,0.021972783,0.012968626,0.011876537,0.00946887,0.010196129,0.031950001,0.050412376,0.181034483,0.301210322,0.246951567,0.34861307
.......AA 2,2.41E-05,0,3.84E-05,0,4.29E-05,5.27E-05,0,0,0,0,2.48E-05,3.47E-05,3.12E-05,3.97E-05,4.63E-05,7.06E-05,0,3.73E-05,4.16E-05,0.000124947,0.000144765,0.000239755,0.000270719,0.000251562,0.000161917,0.000182806,8.37E-05,8.44E-05,6.03E-05,6.39E-05,0.000146024,0,0.000862069,0,0.001709402,0.003620122
......G.. 2,0.120281946,0.117748279,0.119770385,0.123995313,0.121788887,0.118217903,0.112540608,0.128531766,0.115128393,0.113692366,0.072292376,0.077680582,0.06704313,0.069515931,0.070698521,0.075607352,0.062280347,0.062975017,0.058679405,0.062495479,0.058910813,0.062490555,0.056364295,0.056839878,0.056693838,0.057878909,0.058312708,0.058509848,0.060008343,0.058199706,0.052539353,0.061173198,0.038539554,0.031742407,0.031908832,0.024917724
......G.A 2,0.002914167,0.002648089,0.003456329,0.002852855,0.003646531,0.002699307,0.002957547,0.003337534,0.002878636,0.002700214,0.002023476,0.002642323,0.001923862,0.002009895,0.002640279,0.00252689,0.001688831,0.001662973,0.001574253,0.001832001,0.001837178,0.002851358,0.003480291,0.003596231,0.00339128,0.00229925,0.002247109,0.001916184,0.001394979,0.001316042,0.001372623,0.001098043,0.000507099,0,0,0
......GA. 2,0.000288346,0.000105652,0.000240454,0.000282123,0.000227674,0.000263082,0.000184266,0.000347089,0.000232404,0.000206084,0.000136808,0.00026418,0.000251397,0.000223664,0.000222613,0.000135004,0.000203215,0.000264091,0.000610787,0.000973445,0.001305453,0.002369535,0.002314507,0.003206143,0.002355505,0.002083208,0.001407312,0.001130126,0.001039404,0.001111608,0.0018399,0.006441853,0.017393509,0.025348253,0.019031339,0.040667607
......GAA 2,0,4.40E-05,0,0,0,0,0,0,0,0,0,0,0,0,0,0,0,0,0,0,1.44E-05,1.74E-05,4.80E-05,0,3.37E-05,1.45E-05,2.35E-05,0,0,0,0,0,0,0,0,0.000564175
.....R... 2,0.093526613,0.086019756,0.085424639,0.083451867,0.079221909,0.076555192,0.074869687,0.073986912,0.076908964,0.071472992,0.045736761,0.043423576,0.044992306,0.044659362,0.042967586,0.04352883,0.04587172,0.043944567,0.042759554,0.040667393,0.040723432,0.038965719,0.038088565,0.035293969,0.038165944,0.040579131,0.041532385,0.040687535,0.045458518,0.041896122,0.035542186,0.030330389,0.012981744,0.007535967,0.013333333,0.007851434
.....R..A 2,0.000782719,0.000413805,0.001089943,0.000671756,0.000816948,0.000896655,0.000720175,0.000937624,0.000743024,0.000752682,0.000639409,0.000570485,0.000528805,0.000560172,0.000638469,0.000610982,0.000472843,0.000470441,0.000514788,0.00068569,0.000726144,0.001061828,0.001595366,0.00170129,0.001452154,0.000907306,0.000930094,0.000611482,0.000372736,0.000383313,0,0.00024401,0,0,0,0
.....R.A. 2,3.45E-05,0,0,0,0,3.34E-05,0.000129084,0,2.79E-05,0,0,7.40E-05,5.93E-05,6.63E-05,6.71E-05,7.91E-05,9.94E-05,9.33E-05,0.000208118,0.00048148,0.000678121,0.000937382,0.001017154,0.00145255,0.001098182,0.000999229,0.000458654,0.000415113,0.000362396,0.000370536,0.0012266,0.002074081,0.00821501,0.005480703,0.011282051,0.020639398
.....RG.. 2,0.000626938,0.000193696,0.000444301,0.000640136,0.000615525,0.000773792,0.00086749,0.000999367,0.001110302,0.000881066,0.000445662,0.000384307,0.000364064,0.000277965,0.000400294,0.000466225,0.000381598,0.000349787,0.000313747,0.00025386,0.000321391,0.000282276,0.000270586,0.000248263,0.00023735,0.000160174,0.000161,0.000167233,0.000162254,6.39E-05,0.000175229,0,0,0,0,0
.....RG.A 2,0,0,5.38E-05,0,0,4.01E-05,0,0,2.79E-05,4.72E-05,0,2.17E-05,0,0,2.32E-05,0,2.30E-05,0,0,0,0,0,0,1.78E-05,1.57E-05,0,0,0,0,0,0,0,0,0,0,0
.....RGA. 2,0,0,0,0,0,0,0,0,0,0,0,0,0,0,0,0,0,0,0,0,0,0,0,0,0,0,1.10E-05,0,0,0,0,0,0,0,0,0
....Q.... 2,0.052648304,0.046855361,0.047726189,0.042554473,0.041184279,0.037413018,0.038129778,0.036343849,0.037180423,0.034324188,0.025260972,0.023675266,0.024653755,0.025305587,0.024463003,0.024077483,0.02607506,0.025109611,0.024937352,0.024798358,0.024439689,0.02302148,0.021863488,0.018883891,0.021801583,0.02153883,0.022069146,0.02129506,0.023117234,0.020928895,0.016997167,0.013713338,0.004766734,0.003882165,0.001253561,0.003714151
....Q...A 2,0.000378557,0.000158479,0.000312548,0.000325748,0.000310172,0.000196692,0.000321794,0.000332786,0.000255246,0.000233543,0.00027234,0.000204911,0.00018624,0.00033063,0.000259691,0.000188514,0.000206302,0.000182342,0.000220824,0.00024267,0.000428641,0.000483871,0.000819918,0.000877027,0.000808372,0.000461146,0.00031269,0.000228372,0.00010479,7.67E-05,0,0,0,0,0,0
....Q..A. 2,2.76E-05,0,0,3.16E-05,0,0,0,0,3.38E-05,0,0,0,2.73E-05,3.56E-05,2.78E-05,6.44E-05,8.51E-05,0.0001182,0.000214064,0.000237399,0.00049212,0.00068517,0.00094883,0.000894253,0.00081722,0.000591228,0.000359989,0.000286323,0.000249201,0.000281096,0.000788528,0.001073642,0.005780933,0.004795615,0.004558405,0.016267043
....Q.G.. 2,0.000218365,6.16E-05,0.000225086,0.000179972,0.000349814,0.000159108,0.000121131,0.000256741,0.000164803,0.000142053,0.000186906,0.000162679,0.000118497,0.00015751,0.000176266,0.00015082,0.000158894,9.82E-05,0.00010979,0.000136301,0.000140068,0.000139837,0.000136919,9.92E-05,8.42E-05,1.53E-05,2.41E-05,4.09E-05,8.13E-05,0.000127771,0,0,0,0,0,0
....QR... 2,0.012459818,0.013171138,0.011406587,0.010791194,0.010456383,0.009601258,0.009553954,0.009349752,0.010051031,0.009079584,0.006266628,0.005940424,0.006268865,0.006195582,0.005919969,0.005720644,0.00660483,0.006410503,0.006257875,0.005935815,0.005733998,0.005111843,0.005048739,0.004372867,0.00495032,0.005004298,0.00514723,0.004737433,0.005447833,0.005136396,0.00294968,0.003172124,0.000862069,0,0,0
....QR..A 2,9.02E-05,0,0,5.06E-05,0,6.68E-05,0,3.98E-05,0,0,0.0001077,0.000113144,8.47E-05,8.61E-05,4.63E-05,5.35E-05,9.37E-05,7.71E-05,3.57E-05,3.39E-05,8.30E-05,0.000105884,0.000162498,0.000173616,0.000194893,6.51E-05,4.61E-05,2.36E-05,0,0,0,0,0,0,0,0
....QR.A. 2,0,0,0,0,0,0,0,0,0,0,0,0,0,0,0,0,0,0,5.35E-05,3.12E-05,8.96E-05,0.000159176,8.17E-05,0.000105765,4.93E-05,6.75E-05,3.00E-05,3.12E-05,0,0,0,0,0.000507099,0,0.000569801,0.002209685
....QRG.. 2,0,0,0,0,0,0,0,0,0,0,0,0,0,0,0,0,0,0,0,0,1.07E-05,0,1.43E-05,0,0,0,0,0,0,0,0,0,0,0,0,0
...L..... 2,0.060832684,0.060648687,0.059809745,0.052987127,0.054578462,0.050005276,0.051373048,0.052455193,0.053698024,0.050538094,0.035989147,0.035756627,0.037323726,0.037851955,0.038156009,0.037677187,0.038258129,0.040700816,0.042220234,0.04085852,0.040568254,0.038186404,0.036779358,0.033794453,0.035667209,0.0365581,0.035625602,0.03535911,0.036257234,0.037730786,0.033468649,0.030257186,0.017494929,0.008221055,0.012991453,0.009496944
...L....A 2,0.000772437,0.000316957,0.000655833,0.000688796,0.000679807,0.000673636,0.00046446,0.000819275,0.000684546,0.000650064,0.000527369,0.000612717,0.00055492,0.000533527,0.000772633,0.000656702,0.000624812,0.000474646,0.000557384,0.00059714,0.000777727,0.000905314,0.001267961,0.001492417,0.001525793,0.000694902,0.000773687,0.000672145,0.000273094,0.000242765,0,0.000122005,0,0,0,0
...L...A. 2,0.000101057,0,0,0,6.00E-05,5.34E-05,0,3.63E-05,7.52E-05,8.00E-05,5.45E-05,5.66E-05,7.23E-05,6.74E-05,9.49E-05,7.42E-05,0.000108587,0.000174979,0.000392451,0.000706385,0.000946907,0.001543009,0.001458181,0.00168967,0.001299118,0.001202397,0.00059679,0.000633401,0.000366527,0.000332205,0.001197395,0.002610902,0.008975659,0.012331583,0.009116809,0.021908792
...L...AA 2,0,0,0,0,0,0,0,0,0,0,0,0,0,0,0,0,0,0,0,0,0,3.13E-05,0,0,0,0,0,0,0,0,0,0,0,0,0,0.000376117
...L..G.. 2,0.004591407,0.003607765,0.004419695,0.004704019,0.004950971,0.004819795,0.00464176,0.005900312,0.005312618,0.005119066,0.003923779,0.003822134,0.003781301,0.003788516,0.003953082,0.004048034,0.003251384,0.003889788,0.003582038,0.003853482,0.003364893,0.003692539,0.003395714,0.003179952,0.003388935,0.002953681,0.002913251,0.002819789,0.00261858,0.002478758,0.001343419,0.002342492,0.001926978,0,0,0.00051716
...L..G.A 2,0.000164139,6.16E-05,8.45E-05,5.69E-05,0.00012857,0.000132781,8.75E-05,0.000180394,0.00013133,0.000142053,0.000126901,0.00020618,0.000132848,0.000188105,9.27E-05,0.000180401,0.000103997,0.000139669,0.000142008,0.000130271,9.93E-05,0.000159655,0.000141009,0.000142871,0.000112622,3.47E-05,7.84E-05,5.16E-05,5.33E-05,0,0,0,0,0,0,0
...L..GA. 2,0,0,0,0,0,0,0,3.02E-05,0,0,3.47E-05,0,0,0,0,0,2.39E-05,0,2.97E-05,6.87E-05,3.19E-05,0.000113537,0.000128132,0.000127827,9.18E-05,6.29E-05,1.10E-05,1.77E-05,0,0,0,0.000122005,0.00030426,0,0,0.001457452
...L.R... 2,0.008746714,0.008276572,0.008138308,0.007788932,0.008656952,0.007112377,0.007197027,0.007011988,0.007174758,0.006479363,0.004807182,0.004332177,0.004630983,0.004832058,0.004672052,0.004184418,0.00474744,0.004499821,0.004124836,0.004327254,0.004361368,0.00398855,0.003914349,0.003192432,0.003864971,0.003910289,0.003694538,0.003817947,0.004346747,0.003539258,0.002073538,0.002318091,0.00025355,0,0,0
...L.R..A 2,5.52E-05,4.40E-05,4.61E-05,3.16E-05,4.29E-05,4.67E-05,3.98E-05,3.63E-05,0.000114594,0,0,5.08E-05,7.03E-05,6.63E-05,2.78E-05,6.57E-05,0.000108023,5.39E-05,8.48E-05,8.61E-05,6.74E-05,6.25E-05,0.00010359,0.000133395,0.000133533,4.34E-05,5.49E-05,2.66E-05,0,0,0,0,0,0,0,0
...L.R.A. 2,0,0,0,0,0,0,0,0,0,0,0,0,0,0,0,0,0,0,2.97E-05,3.75E-05,6.36E-05,0.00010958,9.36E-05,6.17E-05,8.97E-05,3.47E-05,1.72E-05,0,0,0,0,0,0.000608519,0,0.000569801,0.00216267
...L.RG.. 2,9.96E-05,0,3.84E-05,7.78E-05,0,4.67E-05,0,5.44E-05,8.11E-05,4.72E-05,0,3.49E-05,5.01E-05,2.37E-05,3.24E-05,4.01E-05,2.30E-05,6.92E-05,0,0,1.43E-05,1.57E-05,0,2.20E-05,0,0,1.32E-05,0,0,0,0,0,0,0,0,0
...LQ.... 2,0.018020303,0.017972011,0.015587377,0.015050185,0.014440935,0.012693199,0.011916872,0.012400834,0.012849874,0.011989999,0.008289738,0.008496908,0.009142946,0.009113623,0.008370427,0.008343764,0.009387233,0.009175763,0.008345785,0.008201983,0.008909842,0.008016798,0.007740867,0.006378744,0.007176725,0.007431973,0.007692383,0.007318103,0.007935525,0.007742925,0.005519699,0.003952955,0.001217039,0.001141813,0,0.001081335
...LQ...A 2,0.000117806,4.40E-05,7.68E-05,5.69E-05,4.29E-05,0,0,0.000164479,6.85E-05,9.89E-05,9.28E-05,0.000100126,8.53E-05,9.40E-05,6.95E-05,0.000103373,4.68E-05,0.000104008,8.72E-05,0.000128696,0.00013123,0.000184018,0.000249629,0.000253344,0.000167438,7.81E-05,0.00012948,3.84E-05,0,0,0,0,0,0,0,0
...LQ..A. 2,0,0,0,0,0,0,0,0,0,0,0,0,0,0,0,2.03E-05,0,3.11E-05,6.54E-05,8.75E-05,0.000153307,0.000220155,0.000206185,0.000181341,0.000188607,0.000130073,9.68E-05,5.89E-05,2.22E-05,0,0,0,0.000608519,0.001141813,0.001253561,0.003714151
...LQ.G.. 2,6.51E-05,4.40E-05,0,3.16E-05,4.29E-05,4.39E-05,0,0,8.08E-05,0,0,2.17E-05,3.51E-05,3.56E-05,2.32E-05,8.43E-05,0,0,3.59E-05,0,3.17E-05,3.12E-05,1.68E-05,0,1.68E-05,0,0,0,0,0,0,0,0,0,0,0
...LQR... 2,0.002610963,0.001329459,0.002292642,0.002138324,0.002387088,0.002142238,0.001897477,0.001726985,0.002036974,0.001859109,0.001257215,0.001136418,0.001263581,0.001342177,0.001137022,0.001227897,0.001234805,0.001241339,0.001145742,0.001120452,0.001110211,0.001163437,0.001060378,0.000704911,0.001001107,0.000979616,0.000991121,0.000841959,0.001118408,0.000996614,0.000350457,0.000219609,0,0,0,0
...LQR..A 2,0,0,0,0,0,0,0,0,0,0,0,0,0,1.98E-05,0,0,0,0,0,0,0,0,1.31E-05,0,0,0,0,0,0,0,0,0,0,0,0,0
...LQR.A. 2,0,0,0,0,0,0,0,0,0,0,0,0,0,0,0,0,0,0,0,0,1.44E-05,2.08E-05,0,0,0,0,0,0,0,0,0,0,0,0,0,0.000329102
..T...... 2,0.000127656,6.16E-05,6.15E-05,5.69E-05,6.00E-05,0.00011065,3.98E-05,6.37E-05,7.44E-05,8.00E-05,7.93E-05,0,4.69E-05,7.03E-05,7.82E-05,5.07E-05,5.60E-05,3.19E-05,4.31E-05,0.000105934,0.00045062,0.002545352,0.013218141,0.035320267,0.021349005,0.013766606,0.02625347,0.028094646,0.012762892,0.034574842,0.061213166,0.079547118,0.145030426,0.083580726,0.002165242,0
..T.....A 2,0,0,0,0,0,0,0,0,0,0,0,0,0,0,0,0,0,0,0,0,0,3.03E-05,0.000210838,0.000699344,0.000409475,0.00021707,0.000638623,0.000439741,4.96E-05,8.94E-05,0.000204433,0.00102484,0.001217039,0,0,0
..T....A. 2,0,0,0,0,0,0,0,0,0,0,0,0,0,0,0,0,0,0,0,0,0,0,0,0,1.84E-05,0,2.41E-05,5.02E-05,0,0,0,0,0,0,0,0
..T...G.. 2,0,0,0,0,0,0,0,0,3.38E-05,0,0,0,0,4.46E-05,0,0,0,0,0,2.12E-05,4.60E-05,0.000293305,0.001170266,0.003185245,0.002040146,0.001206912,0.002785138,0.002588273,0.001099664,0.002146553,0.00478958,0.007954712,0.011409736,0.00433889,0,0
..T...G.A 2,0,0,0,0,0,0,0,0,0,0,0,0,0,0,0,0,0,0,0,0,0,0,3.39E-05,2.84E-05,4.20E-05,3.91E-05,5.49E-05,2.66E-05,0,0,0,0,0,0,0,0
..T..R... 2,0,0,0,0,0,0,0,0,0,0,0,0,0,0,0,0,0,0,0,0,0,0,1.31E-05,0,1.57E-05,0,1.32E-05,2.36E-05,0,0,0,0,0,0,0,0
..T.Q.... 2,0,0,0,0,0,0,0,0,0,0,0,0,0,0,0,0,0,0,0,0,0,0,0,0,0,0,1.32E-05,0,0,0,0,0,0,0,0,0
..TL..... 2,0,0,0,0,0,0,0,0,0,0,0,0,0,0,0,0,0,0,0,0,0,2.33E-05,0.00012479,0.000462501,0.000269421,0.000147608,0.000381857,0.000448595,9.09E-05,0.000434422,0.000525686,0.001146845,0.001318458,0,0,0
..TL....A 2,0,0,0,0,0,0,0,0,0,0,0,0,0,0,0,0,0,0,0,0,0,0,0,0,0,0,2.19E-05,0,0,0,0,0,0,0,0,0
..TL..G.. 2,0,0,0,0,0,0,0,0,0,0,0,0,0,0,0,0,0,0,0,0,0,0,4.17E-05,8.44E-05,2.89E-05,4.34E-05,8.56E-05,7.67E-05,0,6.39E-05,0,0.000122005,0,0,0,0
.V....... 2,0.106707815,0.093407983,0.095710135,0.091379957,0.09103948,0.086119319,0.086036379,0.085062044,0.086108776,0.081190664,0.053011269,0.053022899,0.052829856,0.051621233,0.051381247,0.050429385,0.052390159,0.050907433,0.050337145,0.04813354,0.048123906,0.044830507,0.043191347,0.038206321,0.041195226,0.040659335,0.039760482,0.039204298,0.041102596,0.038497413,0.033994334,0.029671563,0.018661258,0.023064627,0.021538462,0.030794546
.V......A 2,0.000993754,0.000290544,0.001134927,0.00067969,0.001090157,0.000697865,0.000942373,0.000850096,0.000758252,0.000728612,0.000646864,0.000777613,0.000610239,0.00055945,0.000709404,0.000640154,0.000658904,0.000514778,0.000581711,0.000672707,0.000828626,0.001155745,0.001879964,0.001876221,0.001783542,0.001055628,0.00086192,0.000661471,0.000363923,0.000255542,0,0,0,0,0,0.000376117
.V.....A. 2,2.07E-05,0,0,0,0,0,0,0,2.79E-05,0,2.48E-05,6.53E-05,1.95E-05,0,2.78E-05,0,3.34E-05,5.60E-05,0.000237849,0.000368593,0.000486292,0.000801665,0.000731483,0.000549094,0.000717031,0.000588297,0.000299923,0.000209525,0.000106801,0.000140548,0.000730119,0.000658826,0.004056795,0.001141813,0.001937322,0.011988717
.V....G.. 2,0.000395804,0.000176087,0.000359774,0.000441835,0.000347136,0.000552111,0.000505569,0.000610881,0.00055814,0.000449384,0.000303336,0.000336467,0.000304842,0.000347542,0.000292524,0.000327165,0.000295212,0.000334101,0.000284016,0.00026592,0.000264914,0.000273691,0.000218278,0.000164836,0.000176353,0.000131639,0.00015098,0.000172229,0.00017984,7.67E-05,0,0,0,0,0,0
.V...R... 2,0.003535764,0.001575982,0.003008828,0.002912348,0.002884762,0.002581034,0.002900661,0.002295362,0.002509923,0.002473973,0.00166754,0.001598727,0.001613243,0.001588297,0.001442184,0.00133127,0.001374022,0.001388018,0.001198828,0.001112195,0.001305918,0.001269131,0.001110654,0.000858946,0.000910918,0.000988778,0.001092396,0.001196034,0.001154181,0.00088162,0.000467276,0.000146406,0,0,0,0
.V...R..A 2,2.41E-05,0,0,0,0,0,0,0,0,0,0,0,0,0,0,0,0,0,0,0,0,1.21E-05,0,0,1.57E-05,0,0,0,0,0,0,0,0,0,0,0
.V...R.A. 2,0,0,0,0,0,0,0,0,0,0,0,0,0,0,0,0,0,0,0,0,0,0,0,0,0,0,0,0,0,0,0,0,0,0,0,0.000470146
.V.L..... 2,0,0,0,0,0,0,0,0,6.17E-05,0,0,6.53E-05,3.90E-05,2.77E-05,6.71E-05,5.84E-05,2.87E-05,0,2.97E-05,5.67E-05,1.45E-05,0,1.31E-05,0,0,0,1.10E-05,0,0,0,0,0,0,0,0,0
.VT...... 2,0,0,0,0,0,0,0,0,0,0,0,0,0,0,0,0,0,0,0,0,0,0,4.16E-05,4.62E-05,3.15E-05,0,5.93E-05,3.54E-05,0,0,0,0.000195208,0,0,0,0
.VT...G.. 2,0,0,0,0,0,0,0,0,0,0,0,0,0,0,0,0,0,0,0,0,0,0,0,0,0,0,1.76E-05,1.48E-05,0,0,0,0,0,0,0,0
G........ 2,0.06512132,0.059597111,0.060515046,0.056229436,0.056464099,0.051076689,0.05079887,0.050673221,0.051466627,0.047324923,0.030442656,0.029484217,0.030346033,0.030432478,0.028925079,0.028618671,0.029668684,0.029209197,0.02883598,0.027767767,0.028375667,0.02650607,0.025068002,0.021952981,0.024355702,0.025517233,0.026266215,0.025871845,0.028233782,0.025758641,0.020560147,0.0178615,0.008874239,0.003653802,0.007977208,0.009873061
G.......A 2,0.000577222,0.000193696,0.000685449,0.000339362,0.000481062,0.000675354,0.000587915,0.000536749,0.000448925,0.000353016,0.000365843,0.000419556,0.000300833,0.000331642,0.000403366,0.000403373,0.000340928,0.000370552,0.000288018,0.000307806,0.000470141,0.000694944,0.00100612,0.001076311,0.00091278,0.000632385,0.000457669,0.000373659,0.000180591,0.000102217,0,0,0,0,0,0
G......A. 2,1.72E-05,0,0,0,0,0,0,0,4.46E-05,0,0,0,2.28E-05,0,0,2.03E-05,5.16E-05,8.71E-05,0.000166494,0.000206162,0.000404971,0.000705679,0.000769145,0.00100547,0.000609601,0.000644158,0.000344667,0.000282653,0.000140732,7.67E-05,0.000350457,0.001000439,0.004716024,0.002511989,0.003988604,0.015655853
G.....G.. 2,0.000315475,0.000149674,0.000138317,0.000280191,0.000207316,0.000261363,0.000325951,0.00026218,0.000324028,0.000280719,0.000192522,0.000281751,0.000157592,0.000166327,0.000209733,0.000199043,0.000183162,0.000239558,0.000139521,0.000144993,0.000158711,0.000234024,0.000183172,7.90E-05,0.000141728,7.97E-05,5.56E-05,0.000117134,4.06E-05,6.39E-05,0,0,0,0,0,0
G....R... 2,0.010924794,0.009494964,0.009286524,0.009761864,0.008696063,0.008914452,0.008692817,0.009054538,0.009063084,0.008287704,0.004575032,0.004553805,0.004729248,0.00493069,0.004466859,0.004503469,0.004734717,0.004673839,0.004276792,0.004323779,0.004371358,0.004187279,0.004055783,0.003470109,0.003889629,0.004110724,0.004215041,0.004252384,0.004931364,0.003858685,0.003270933,0.002732907,0.001521298,0.001141813,0,0.000282087
G....R..A 2,8.87E-05,7.92E-05,6.92E-05,6.49E-05,0,4.01E-05,5.57E-05,5.44E-05,9.43E-05,0,3.47E-05,5.66E-05,6.32E-05,4.46E-05,3.71E-05,4.99E-05,3.67E-05,6.30E-05,0,8.63E-05,2.50E-05,0.000108254,0.000107002,0.000151185,0.000142873,6.51E-05,3.95E-05,3.25E-05,1.16E-05,0,0,0,0,0,0,0
G....R.A. 2,0,0,0,0,0,0,0,0,0,0,0,0,0,0,0,0,0,0,0,3.75E-05,5.79E-05,0.000117028,6.87E-05,6.17E-05,4.29E-05,6.56E-05,1.10E-05,2.07E-05,0,0,0,0,0.000557809,0,0,0.001457452
G....RG.. 2,0,0,0,0,0,0,0,3.02E-05,0,0,0,0,0,0,0,0,0,0,0,0,0,0,0,0,0,0,0,0,0,0,0,0,0,0,0,0
G...Q.... 2,0.00557425,0.004746917,0.005354404,0.004578709,0.00425723,0.003810402,0.00393762,0.00356396,0.004090558,0.003879141,0.002517495,0.002487267,0.00254774,0.002631602,0.002191158,0.002190016,0.002213565,0.002322242,0.002047959,0.002385463,0.001972693,0.002237145,0.001903822,0.001565228,0.00178924,0.001906709,0.001925256,0.001718356,0.002023803,0.001712132,0.001051371,0.00102484,0,0,0,0.000235073
G...Q...A 2,2.07E-05,0,4.61E-05,0,0,0,0,0,0,0,0,0,0,0,0,0,0,0,0,2.54E-05,0,1.57E-05,5.70E-05,4.74E-05,5.27E-05,0,0,0,0,0,0,0,0,0,0,0
G...Q..A. 2,0,0,0,0,0,0,0,0,0,0,0,0,0,0,0,0,0,0,2.97E-05,5.00E-05,3.48E-05,3.97E-05,2.86E-05,2.83E-05,0,1.09E-05,0,0,0,0,0,0,0.000507099,0,0,0.001081335
G...QR... 2,0.001329394,0.000545871,0.001341016,0.001077901,0.001006585,0.001007306,0.000836297,0.000946891,0.000993873,0.000797199,0.000753289,0.00052063,0.000615619,0.000559547,0.000551191,0.000559026,0.000609537,0.000569103,0.000500408,0.000508808,0.000450389,0.000355879,0.000381359,0.000291591,0.000337542,0.000300172,0.000383347,0.000293903,0.00036462,0.000511084,0,0,0,0,0,0
G..L..... 2,0.005043991,0.004677612,0.00456111,0.003785508,0.004407219,0.00389988,0.004068047,0.003751707,0.003810433,0.003370284,0.002302757,0.002201912,0.002314251,0.001953183,0.002221647,0.002252868,0.002152385,0.002122379,0.002272943,0.002303542,0.002094519,0.00205432,0.001868688,0.001313463,0.001843113,0.00181789,0.001887873,0.001998126,0.002064706,0.001303265,0.000876143,0.001049241,0,0,0,0
G..L....A 2,3.70E-05,0,0,0,0,0,0,4.23E-05,0,0,0,0,0,0,0,0,2.30E-05,0,0,0,3.52E-05,1.35E-05,3.90E-05,4.66E-05,2.10E-05,0,2.19E-05,0,0,0,0,0,0,0,0,0
G..L...A. 2,0,0,0,0,0,0,0,0,0,0,0,0,0,0,0,0,0,0,0,0,0,5.31E-05,1.68E-05,2.83E-05,1.68E-05,0,0,0,0,0,0,0,0,0,0,0.001269394
G..L..G.. 2,1.72E-05,0,0,0,0,0,0,0,0,0,0,0,0,0,0,3.65E-05,0,0,0,0,0,0,0,0,0,0,0,0,0,0,0,0,0,0,0,0
G..L.R... 2,0.000931601,0.000387392,0.000872541,0.000871667,0.000824446,0.000993191,0.000883034,0.000949107,0.000812533,0.000781513,0.000471704,0.000509201,0.000417561,0.000505967,0.000423859,0.000461349,0.000442294,0.000450465,0.000317478,0.000391466,0.000347433,0.000355029,0.000293979,0.000170609,0.000262644,0.000273022,0.000266002,0.000236586,0.000249734,0.000153325,0,0,0,0,0,0
G..LQ.... 2,0.001549252,0.000933263,0.001340588,0.001461854,0.001625319,0.001124634,0.001171053,0.00105829,0.001039358,0.001084168,0.000792966,0.00084715,0.000864985,0.000738545,0.00075307,0.000720375,0.000821637,0.000644459,0.000574521,0.000784724,0.000682887,0.00060875,0.000541566,0.000366425,0.000448024,0.000442963,0.000499718,0.000377213,0.000435652,0.000229988,0.000146024,0,0,0,0,0
G..LQ..A. 2,0,0,0,0,0,0,0,0,0,0,0,0,0,0,0,0,0,0,0,0,0,0,0,0,0,0,0,0,0,0,0,0,0,0,0,0.000282087
G..LQR... 2,0.000228216,5.28E-05,0.000189599,0.000211915,7.71E-05,0.000130301,0.000137037,9.80E-05,0.000161587,0.000192939,5.94E-05,7.26E-05,0.00011789,8.71E-05,4.17E-05,4.01E-05,8.87E-05,2.28E-05,7.88E-05,3.81E-05,8.84E-05,6.69E-05,1.31E-05,0,0,0,0,3.09E-05,1.16E-05,0,0,0,0,0,0,0
G.T...... 2,0,0,0,0,0,0,0,0,0,0,0,0,0,0,0,0,0,0,0,0,0,0,0,0,1.84E-05,0,1.76E-05,2.07E-05,0,0,0,0,0,0,0,0
GV....... 2,0.011889494,0.01327905,0.011264377,0.010450455,0.010895125,0.009979384,0.010277305,0.011013589,0.011020572,0.009677187,0.005720305,0.005675924,0.005622536,0.005321887,0.005427762,0.005411582,0.005434263,0.00527615,0.00527112,0.005102038,0.005158203,0.004865337,0.004548597,0.003789394,0.004340806,0.004277962,0.003969623,0.004063544,0.004322028,0.003769246,0.002453199,0.002586501,0.001064909,0,0,0.002679831
GV......A 2,9.76E-05,0,0.000155927,0,0,8.60E-05,0,8.81E-05,0,0,0.000102134,9.00E-05,3.12E-05,3.56E-05,6.95E-05,5.72E-05,6.56E-05,3.65E-05,0,7.20E-05,7.12E-05,0.000116166,0.000158477,0.000183929,0.000186314,4.78E-05,5.49E-05,4.63E-05,0,0,0,0,0,0,0,0
GV.....A. 2,0,0,0,0,0,0,0,0,0,0,0,0,0,0,0,0,0,0,0,5.62E-05,5.79E-05,5.55E-05,6.74E-05,2.83E-05,3.03E-05,0,0,1.77E-05,0,0,0,0,0,0,0,0.000846262
GV...R... 2,0.000412088,0.000184892,0.000431175,0.000360266,0.000141961,0.000316118,0.00031947,0.000232266,0.00027231,0.000327573,0.000198701,0.000188715,0.000172601,0.000106051,0.000155532,0.000148403,0.000182974,0.000184444,0.000143252,0.000174437,0.000146572,8.65E-05,8.48E-05,4.96E-05,9.87E-05,3.12E-05,3.80E-05,3.57E-05,3.35E-05,7.67E-05,0,0,0,0,0,0
L........ 2,0.089185307,0.086996379,0.083019198,0.077438793,0.074684448,0.070007382,0.069474828,0.066911475,0.067368064,0.063654237,0.043628244,0.042217456,0.042520474,0.042328217,0.041971115,0.041036398,0.043335217,0.041344635,0.041672938,0.040917551,0.041148097,0.039194297,0.037433083,0.033815888,0.036544847,0.037196162,0.038163887,0.037926448,0.040098713,0.036299751,0.029847259,0.026353033,0.014503043,0.007535967,0.015612536,0.014339445
L.......A 2,0.000777843,0.000299348,0.000761598,0.000596189,0.000666416,0.000658944,0.000684696,0.000814844,0.000649237,0.00064942,0.000556476,0.0005472,0.000474094,0.000467901,0.000581829,0.00054608,0.000473783,0.00045467,0.000329912,0.000629898,0.000709445,0.000995588,0.001671591,0.001495351,0.00153136,0.000944546,0.000808207,0.00062536,0.000353125,0.000140548,0,0,0,0,0,0
L......A. 2,0,0,0,0,6.86E-05,0,6.55E-05,4.83E-05,6.17E-05,0,0,4.07E-05,4.69E-05,3.95E-05,6.71E-05,5.47E-05,7.55E-05,0.000209414,0.000250012,0.000508697,0.000705668,0.001026018,0.001146589,0.00123809,0.001037654,0.001039553,0.00054417,0.000456741,0.00029453,0.000370536,0.000730119,0.001439656,0.006237323,0.005937429,0.006267806,0.021767748
L.....G.. 2,0.001114943,0.000510653,0.001094692,0.00112217,0.001044086,0.000966667,0.001016767,0.00106111,0.000986786,0.00100933,0.000711823,0.00066013,0.000693703,0.000719705,0.000648129,0.000607336,0.000543579,0.000617996,0.000532355,0.000696174,0.000609657,0.000619702,0.000538838,0.000509603,0.000449092,0.000498421,0.000536568,0.000467864,0.000499707,0.000472753,0,0.000536821,0,0,0,0
L.....G.A 2,0,0,0,0,0,0,0,3.02E-05,0,3.29E-05,0,0,0,2.77E-05,2.32E-05,3.28E-05,0,0,0,2.12E-05,1.43E-05,2.13E-05,2.06E-05,0,1.31E-05,0,1.54E-05,0,0,0,0,0,0,0,0,0
L.....GA. 2,0,0,0,0,0,0,0,0,0,0,0,0,0,0,0,0,0,0,0,0,1.45E-05,1.74E-05,0,0,0,0,0,0,0,0,0,0,0.00025355,0,0,0
L....R... 2,0.013797504,0.012268574,0.012705819,0.011955611,0.011437791,0.010569643,0.010301036,0.010567889,0.010399883,0.010134634,0.006161528,0.005949317,0.00575731,0.006114249,0.005841031,0.005853922,0.00597438,0.006169804,0.005762506,0.005635126,0.005768976,0.00547632,0.004824946,0.004177026,0.004652727,0.005374328,0.005422465,0.005257626,0.005725832,0.005110841,0.003709004,0.003001318,0.000608519,0,0,0.000282087
L....R..A 2,0.000183375,4.40E-05,6.15E-05,0,0,4.39E-05,0,8.40E-05,9.46E-05,7.55E-05,4.95E-05,6.82E-05,6.38E-05,5.93E-05,7.42E-05,6.81E-05,6.43E-05,9.99E-05,7.76E-05,0.000105282,5.27E-05,0.000109543,0.000142283,0.000147596,0.000165648,8.68E-05,6.58E-05,5.88E-05,1.35E-05,0,0,0,0,0,0,0
L....R.A. 2,0,0,0,0,0,0,0,0,0,0,0,0,0,0,0,0,0,0,4.76E-05,0,4.34E-05,8.18E-05,0.00012579,5.04E-05,5.73E-05,6.40E-05,1.14E-05,1.48E-05,0,0,0,0,0,0,0,0.002209685
L....RG.. 2,2.07E-05,0,0,0,0,0,0,3.63E-05,0,0,0,0,1.95E-05,1.98E-05,2.32E-05,0,0,0,0,0,0,0,0,0,0,0,0,0,0,0,0,0,0,0,0,0
L...Q.... 2,0.006879997,0.006045678,0.005998231,0.005855233,0.005041498,0.00474102,0.004773427,0.004491513,0.00499635,0.004420217,0.003075761,0.003116168,0.002925149,0.003074301,0.002797184,0.002946985,0.003160943,0.003200211,0.003374144,0.003160896,0.00301955,0.002751754,0.002587241,0.002103715,0.002359845,0.002373976,0.002596955,0.002363881,0.002576025,0.001980451,0.001197395,0.000732029,0.00025355,0,0,0
L...Q...A 2,8.23E-05,0,0,0,0,0,0,0,0,0,0,0,1.95E-05,0,2.78E-05,0,0,0,0,0,3.35E-05,2.01E-05,7.77E-05,0.000101028,3.67E-05,0,3.07E-05,1.77E-05,0,0,0,0,0,0,0,0
L...Q..A. 2,0,0,0,0,0,0,0,0,0,0,0,0,0,0,0,0,0,0,0,5.62E-05,4.34E-05,6.84E-05,7.16E-05,9.82E-05,2.02E-05,0,1.10E-05,0,0,0,0,0.000122005,0,0,0,0.001739539
L...QR... 2,0.001587161,0.000730762,0.001602709,0.001239429,0.001068726,0.001058624,0.00136291,0.001072895,0.001054586,0.001029573,0.000831931,0.000812222,0.000808296,0.000780078,0.000667598,0.00069936,0.000735358,0.000676878,0.000665229,0.000616099,0.000613465,0.00059847,0.000564823,0.000446651,0.0004468,0.000393388,0.000430669,0.000445101,0.00048367,0.000217211,0,0,0,0,0,0
L...QR..A 2,0,0,0,0,0,0,0,0,0,0,0,0,0,0,2.32E-05,0,0,0,0,0,0,0,0,0,0,2.17E-05,0,0,0,0,0,0,0,0,0,0
L..L..... 2,0.00580263,0.006259243,0.005851964,0.004927938,0.004968108,0.004181078,0.004318753,0.004632121,0.004221688,0.004291631,0.002867153,0.002730165,0.002848227,0.002501361,0.00278972,0.002567367,0.002922588,0.003016384,0.002756756,0.00267056,0.002841684,0.002489429,0.002225498,0.00211959,0.002319784,0.002237167,0.002490663,0.00240504,0.002439129,0.002069891,0.00178149,0.001098043,0,0,0,0.000282087
L..L....A 2,7.94E-05,0,0,0,0,0,0,4.77E-05,0,0,0.000102747,5.95E-05,4.69E-05,0,4.17E-05,1.82E-05,2.30E-05,0,0,0,3.35E-05,3.83E-05,5.47E-05,4.38E-05,6.17E-05,0,1.10E-05,0,0,0,0,0,0,0,0,0
L..L...A. 2,0,0,0,0,0,0,0,0,0,0,0,0,0,0,0,0,0,0,0,0,4.63E-05,7.79E-05,5.97E-05,3.97E-05,1.68E-05,0,1.10E-05,0,0,0,0,0,0,0,0,0.000893277
L..L..G.. 2,3.79E-05,0,6.15E-05,3.79E-05,0,3.34E-05,0,9.42E-05,9.08E-05,6.60E-05,0,9.59E-05,6.19E-05,6.84E-05,5.10E-05,4.46E-05,8.43E-05,3.73E-05,3.59E-05,2.54E-05,5.34E-05,3.33E-05,0,1.78E-05,0,0,1.32E-05,0,0,0,0,0,0,0,0,0
L..L.R... 2,0.001175603,0.000501849,0.001290161,0.000921615,0.000858731,0.000927942,0.000806808,0.000887666,0.000899759,0.000721192,0.000605398,0.000608164,0.000637725,0.000577278,0.000524798,0.000518095,0.000541136,0.000535544,0.000516732,0.000546509,0.000481701,0.000409921,0.000329383,0.000220214,0.000234197,0.00031594,0.000355032,0.000320385,0.000338508,0.000255542,0,0.000146406,0,0,0,0
L..LQ.... 2,0.001484645,0.00200424,0.001446782,0.001198381,0.001143727,0.001125971,0.000903589,0.001028678,0.001144829,0.001032435,0.000675922,0.000649543,0.000834359,0.000747459,0.000708528,0.000685507,0.000803275,0.000930019,0.000670203,0.000690633,0.000676256,0.000605542,0.000537809,0.000348274,0.000434176,0.000458907,0.000491595,0.000409204,0.000451537,0.00039609,0,0,0,0,0,0
L..LQ...A 2,0,0,0,0,0,0,0,0,0,0,0,0,0,0,0,0,0,0,0,0,0,0,1.55E-05,0,0,0,0,0,0,0,0,0,0,0,0,0
L..LQ..A. 2,0,0,0,0,0,0,0,0,0,0,0,0,0,0,0,0,0,0,0,0,0,0,0,0,0,0,0,0,0,0,0,0,0,0,0,0.000235073
L..LQR... 2,0.000180423,7.04E-05,0.000145308,0.000115443,0,9.06E-05,0,7.60E-05,9.75E-05,3.94E-05,0.00010336,9.43E-05,3.65E-05,7.23E-05,2.32E-05,7.17E-05,8.38E-05,5.01E-05,3.59E-05,0,5.90E-05,3.63E-05,0,0,0,0,0,0,0,0,0,0,0,0,0,0
L.T...... 2,0,0,0,0,0,0,0,0,0,0,0,0,0,0,0,0,0,0,0,0,0,0,3.90E-05,0.000104201,6.03E-05,0,7.90E-05,9.74E-05,0,0,0,0.000146406,0.00025355,0,0,0
L.T...G.. 2,0,0,0,0,0,0,0,0,0,0,0,0,0,0,0,0,0,0,0,0,0,0,0,0,0,0,2.63E-05,0,0,0,0,0,0,0,0,0
LV....... 2,0.018473717,0.015105839,0.017525849,0.016089703,0.015541268,0.014432136,0.014274265,0.015355125,0.014815377,0.013553347,0.009475618,0.009628987,0.009432485,0.009261981,0.009237074,0.008897546,0.009334295,0.009230345,0.009677486,0.009008108,0.009562722,0.008712094,0.008055538,0.006772099,0.007769214,0.007415957,0.007597414,0.00725199,0.007657906,0.007206286,0.005315265,0.004514177,0.002738337,0,0.001253561,0.003808181
LV......A 2,0.000125699,0.000123261,4.61E-05,9.49E-05,9.43E-05,7.73E-05,0,0.000182307,7.84E-05,0.000112054,0.000113267,0.000107322,8.40E-05,0.00010393,0.000113819,6.89E-05,8.41E-05,5.92E-05,0.000100385,0.000136736,8.45E-05,0.000176432,0.000286138,0.000252174,0.000282687,9.55E-05,0.000111924,2.07E-05,2.13E-05,0,0,0,0,0,0,0
LV.....A. 2,0,0,0,0,0,0,0,0,0,0,0,0,0,0,0,0,2.87E-05,0,2.97E-05,7.50E-05,9.83E-05,2.78E-05,0.000123737,7.49E-05,7.41E-05,4.62E-05,3.45E-05,1.35E-05,0,0,0,0.000146406,0.000760649,0,0,0.001551481
LV....G.. 2,2.41E-05,0,0,0,0,0,0,0,0,0,0,0,0,0,0,0,0,0,0,0,0,0,0,0,0,0,0,0,0,0,0,0,0,0,0,0
LV...R... 2,0.000660999,0.00028174,0.000495156,0.000441835,0.000461778,0.000395482,0.000523799,0.000459092,0.00057842,0.000440473,0.000255028,0.000313395,0.00031914,0.000295071,0.000230077,0.000287787,0.000322754,0.000287224,0.000275854,0.00026478,0.000160829,0.000179011,0.000174371,8.65E-05,0.000191583,0.000150717,0.000160701,0.000142068,0.000106576,0.000127771,0,0,0,0,0,0
V........ 2,0.068166694,0.068683023,0.06350029,0.059676226,0.055746237,0.051941332,0.051669329,0.051566839,0.050788769,0.046858447,0.031307937,0.03075231,0.029995638,0.030195078,0.028748825,0.028771951,0.03109656,0.03053613,0.029681858,0.029573417,0.028160823,0.026999977,0.026429226,0.022775389,0.025322214,0.025992335,0.026548131,0.026103343,0.028146673,0.025336996,0.020238895,0.018813137,0.009736308,0.004567253,0.005242165,0.008133521
V.......A 2,0.000553541,0.000220109,0.000450865,0.000467454,0.000549096,0.000351222,0.000492477,0.000410444,0.000354939,0.000327573,0.000348481,0.000320805,0.000370606,0.000303888,0.000432347,0.000389974,0.00029446,0.0002881,0.000224554,0.000351754,0.000449122,0.000680159,0.0010324,0.001035039,0.000949751,0.000470532,0.000490962,0.00030567,0.000185731,6.39E-05,0,0,0,0,0,0
V......A. 2,0,0,0,0,0,0,0,0,3.35E-05,0,0,0,0,0,0,2.03E-05,3.34E-05,8.71E-05,0.000214064,0.000331109,0.000399476,0.000659332,0.000746617,0.000782317,0.000691733,0.000468143,0.000360053,0.000228676,0.000151256,0,0.000146024,0.001171246,0.004361055,0.001141813,0.003874644,0.015326751
V.....G.. 2,0.000112864,0,8.45E-05,0.000147064,5.14E-05,7.73E-05,6.36E-05,0.000170221,0.000154827,7.89E-05,9.78E-05,0.000102983,7.03E-05,9.30E-05,3.71E-05,4.99E-05,7.00E-05,8.29E-05,2.97E-05,8.83E-05,5.26E-05,4.54E-05,4.40E-05,1.78E-05,5.46E-05,0,2.29E-05,0,1.16E-05,0,0,0,0,0,0,0
V....R... 2,0.009714234,0.00975481,0.009002044,0.008258962,0.008425526,0.007211772,0.007322573,0.007702844,0.007917855,0.006603189,0.004184521,0.003923944,0.004053852,0.003882036,0.003835315,0.003821652,0.004220719,0.003890414,0.003941747,0.003586642,0.003741153,0.003613609,0.003285001,0.002623994,0.003148297,0.003368148,0.00363787,0.003451839,0.003702708,0.003296493,0.002219561,0.001732468,0.000507099,0,0,0
V....R..A 2,5.86E-05,0,5.38E-05,5.69E-05,0,5.27E-05,0,3.98E-05,8.52E-05,0,5.26E-05,6.96E-05,3.12E-05,2.37E-05,2.78E-05,6.57E-05,0,0,5.03E-05,5.93E-05,1.96E-05,6.46E-05,0.000103836,0.000105788,5.68E-05,3.47E-05,3.51E-05,0,0,0,0,0,0,0,0,0
V....R.A. 2,0,0,0,0,0,0,0,0,0,0,0,0,0,0,0,0,0,0,2.97E-05,4.37E-05,6.66E-05,8.08E-05,2.57E-05,3.40E-05,0,0,0,2.07E-05,0,0,0,0.000122005,0,0,0.000797721,0.000940291
V...Q.... 2,0.004631804,0.0033337,0.004250376,0.004219203,0.003864554,0.003219567,0.003555636,0.003258269,0.003281368,0.003305406,0.002253737,0.001954983,0.00195206,0.002060827,0.001665821,0.001973604,0.002116038,0.002047108,0.001950492,0.002138555,0.00190686,0.001749573,0.001698526,0.001297579,0.001445936,0.001572927,0.001552051,0.001446546,0.001606918,0.001316042,0.000992962,0.001073642,0,0,0,0
V...Q...A 2,0,0,0,0,0,0,0,0,0,0,0,0,0,0,0,0,0,0,0,3.39E-05,2.99E-05,3.18E-05,3.38E-05,0,4.77E-05,0,1.54E-05,0,0,0,0,0,0,0,0,0
V...Q..A. 2,0,0,0,0,0,0,0,0,0,0,0,0,0,0,0,0,0,0,0,0,2.89E-05,0,0,2.20E-05,0,0,9.53E-06,0,0,0,0,0,0,0,0,0.001222379
V...QR... 2,0.000739835,0.000299348,0.000767896,0.000633168,0.000738733,0.00052922,0.000710879,0.000668192,0.00061511,0.000554543,0.000433303,0.000290323,0.000394743,0.000370333,0.0004021,0.000346217,0.000397329,0.000344441,0.000388131,0.000463989,0.000350684,0.000282872,0.000219756,0.000138371,0.000193782,0.00014047,0.000234454,0.000212067,0.000162068,6.39E-05,0,0,0,0,0,0
V...QR.A. 2,0,0,0,0,0,0,0,0,0,0,0,0,0,0,0,0,0,0,0,0,0,0,0,0,0,0,0,0,0,0,0,0,0,0,0,0.000235073
V..L..... 2,0.004051795,0.001769678,0.004087458,0.003798917,0.003359388,0.003176067,0.003172412,0.003269348,0.002847344,0.002766346,0.001722077,0.001785012,0.00153384,0.001644526,0.001735732,0.001486643,0.001691542,0.001684004,0.001753995,0.001649306,0.001469037,0.001487595,0.001412969,0.001140952,0.001255399,0.001267337,0.001434263,0.001220567,0.001376276,0.001379927,0.000759324,0.000463618,0,0,0,0
V..L....A 2,3.45E-05,0,0,0,0,0,0,0,0,0,0,0,0,0,0,0,0,0,0,0,0,3.13E-05,1.55E-05,2.61E-05,1.57E-05,0,0,0,0,0,0,0,0,0,0,0
V..L...A. 2,0,0,0,0,0,0,0,0,0,0,0,0,0,0,0,0,0,0,0,0,3.47E-05,2.23E-05,1.71E-05,0,0,0,0,0,0,0,0,0,0,0,0,0.001175364
V..L.R... 2,0.000481538,0.000308153,0.000545318,0.000609159,0.000423741,0.00055421,0.000479385,0.000480748,0.000430681,0.000452771,0.000273616,0.000336681,0.000360213,0.000297095,0.000296135,0.00024813,0.000266542,0.00030799,0.000311803,0.000273037,0.000236841,0.000227325,0.000210016,5.68E-05,0.000134682,0.000135493,0.000150438,0.000115343,8.53E-05,7.67E-05,0,0,0,0,0,0
VV....... 2,0.014123525,0.011345011,0.012520438,0.01293502,0.011888838,0.010595233,0.011135034,0.01163545,0.011470952,0.010385319,0.007278821,0.006762914,0.006877858,0.006450713,0.006126873,0.006476794,0.006960093,0.006683707,0.006565246,0.006509323,0.006319783,0.006171619,0.005662009,0.004925936,0.005278743,0.00527325,0.005189935,0.005203167,0.005410157,0.004829745,0.00411787,0.00331853,0.001267748,0,0,0.003432064
VV......A 2,0.000111405,0,9.99E-05,0,4.29E-05,4.39E-05,0.000131408,4.23E-05,0.000109015,6.60E-05,2.48E-05,8.71E-05,5.47E-05,5.14E-05,5.56E-05,6.89E-05,6.69E-05,6.22E-05,5.03E-05,0.000105282,8.26E-05,0.000128569,0.000216138,0.00019575,0.000210118,6.95E-05,7.90E-05,2.07E-05,0,0,0,0,0,0,0,0
VV.....A. 2,0,0,0,0,0,0,0,0,0,0,0,0,0,0,0,0,0,0,4.16E-05,0,6.37E-05,6.69E-05,7.50E-05,2.64E-05,5.01E-05,5.26E-05,1.54E-05,0,0,0,0,0,0,0,0,0.001833568
VV...R... 2,0.000430296,0.000184892,0.000414685,0.000185974,0.000267316,0.000252588,0.00027126,0.000197618,0.000308146,0.000400192,0.000196249,0.000193161,0.000154954,0.000189214,0.000187341,0.000169872,0.000196181,0.000233775,0.000119467,9.88E-05,0.000121582,8.39E-05,0.000124286,5.09E-05,5.06E-05,6.97E-05,7.56E-05,0.000101635,4.15E-05,0,0,0,0,0,0,0
...... 3,0.96901327,0.907128927,0.971282886,0.945390314,0.958063073,0.970357994,0.970214365,0.966928919,0.898616062,0.712460575,0.004026547,0.002057219,0.001484508,0.002064047,0.00152546,0.002966409,0.001263099,0.000974794,0.001084064,0.001104861,0.000840321,0.000897406,0.000867733,0.000725199,0.000878597,0.001282243,0.00155176,0.001778493,0.001748689,0.001712132,0.000759324,0.00102484,0.00035497,0,0.001139601,0.000282087
.....L 3,0.000520541,0.000211305,0.000421249,0.000487392,0.000358385,0.000529981,0.000556593,0.000819679,0.00097819,0.000603735,0,0,0,0,8.10E-05,5.39E-05,5.64E-05,9.49E-05,9.54E-05,0.00017335,0.000225054,0.000306465,0.000315869,0.000307221,0.000263973,0.000175657,0,0,1.05E-05,0,0,0,0,0,0,0
....H. 3,0.00027551,8.80E-05,0.000207475,0.000320712,0.000292493,0.000103973,0.000179127,0.000502403,0.000562865,0.000473979,0,0,0,0,0,0,0,0,0,0,0,0,0,0,0,0,0,0,0,0,0,0,0,0,0,0
...N.. 3,0.004984259,0.002077831,0.004783526,0.004262389,0.005118115,0.005520889,0.005630019,0.00672805,0.007396839,0.005348408,5.45E-05,0.000121823,8.86E-05,9.90E-05,0.000107379,0.000117592,0.000140344,0.000158333,0.000165793,0.000121362,8.15E-05,0.000143855,0.000153028,0.000270373,0.00015795,0.000197756,0.000231977,0.00020385,0.000249723,0.000281096,0.000146024,0.00024401,0,0,0,0
..N... 3,0.000189279,0,5.38E-05,0.000256183,0.000214283,0.000465113,0.000441453,0.000583182,0.000731012,0.000398498,2.48E-05,3.91E-05,2.28E-05,1.98E-05,7.03E-05,3.65E-05,5.60E-05,0,3.57E-05,6.29E-05,6.23E-05,5.25E-05,1.43E-05,0,2.27E-05,0,0,0,0,0,0,0,0.00025355,0,0.002849003,0.001222379
..N..L 3,0,0,0,0,0,4.39E-05,0,0,2.79E-05,0,0,0,0,0,0,0,0,0,0,0,0,0,0,0,0,0,0,0,0,0,0,0,0,0,0,0
..NN.. 3,0,0,0,0,0,0,0,0,0,4.72E-05,0,0,0,0,0,0,0,0,0,0,0,0,0,0,0,0,0,0,0,0,0,0,0,0,0,0
.R.... 3,0.022299316,0.089384544,0.020856192,0.046358774,0.033333526,0.019703077,0.019255662,0.019258817,0.083307743,0.275220973,0.986835057,0.98537841,0.9787787,0.970530523,0.963607072,0.954336813,0.944521872,0.924911031,0.894234817,0.854345015,0.823445112,0.745296929,0.681469424,0.633560787,0.680788349,0.686324229,0.713392338,0.703409654,0.695225078,0.636363636,0.635845916,0.61402567,0.435851927,0.332039278,0.162165242,0.049506347
.R...L 3,0,0,0,0,0.000118925,0,0,0,0.000803356,7.23E-05,0.000377589,0.002045303,0.003918179,0.005637963,0.007321225,0.009115383,0.012477859,0.019843965,0.035167828,0.058028453,0.072471362,0.108556741,0.12070544,0.122724501,0.103774168,0.078345582,0.024389222,0.01616081,0.014563887,0.008241232,0.006308227,0.005734225,0.001014199,0,0,0
.R..H. 3,0,0,0,0,0,0,0,0,5.58E-05,5.26E-05,0.000463735,0.000575133,0.000889436,0.001329127,0.001482535,0.001719349,0.002004984,0.002345626,0.00314514,0.003625046,0.003570341,0.004540461,0.005019596,0.004111336,0.004495941,0.002714496,0.002540111,0.001984635,0.001754484,0.001405481,0.000846938,0.000780831,0.001064909,0.002740352,0.004672365,0
.R..HL 3,0,0,0,0,0,0,0,0,0,0,0,0,0,0,0,0,0,0,0,6.09E-05,1.07E-05,7.57E-05,3.73E-05,5.92E-05,3.91E-05,3.17E-05,0,0,0,0,0,0,0,0,0,0
.R.N.. 3,0.00041159,0.00014087,0.000361588,0.000409893,0.000375528,0.000417231,0.000342839,0.000541887,0.001064636,0.001518679,0.004115786,0.004598586,0.005055296,0.005930341,0.007215648,0.008218064,0.008760926,0.012114539,0.017024371,0.019818092,0.023593858,0.035499843,0.050292921,0.078831436,0.063367256,0.084946497,0.099361385,0.100806431,0.110670255,0.123835686,0.090359511,0.061685618,0.021450304,0.028773693,0.017777778,0.004607428
.R.N.L 3,0,0,0,0,0,0,0,0,0,0,0,0,0,0,2.32E-05,2.84E-05,3.82E-05,0.000139318,0.000328557,0.00081058,0.001144486,0.002402246,0.002883526,0.003609809,0.002655414,0.001906463,0.000451358,0.000304446,0.000203028,6.39E-05,0,0,0,0,0,0
.R.NH. 3,0,0,0,0,0,0,0,0,0,0,0,0,0,0,0,0,0,0,4.16E-05,3.39E-05,3.00E-05,4.23E-05,9.85E-05,0.000201685,9.69E-05,9.07E-05,0.000108752,9.57E-05,0.000129323,0.000140548,0.000175229,0,0,0,0.001937322,0
.RN... 3,0,0,0,0,0,0,0,0,8.93E-05,3.94E-05,6.93E-05,0.000165216,0.000209163,0.000423385,0.000586517,0.000913013,0.001166568,0.001961045,0.002708673,0.003164581,0.003759183,0.00609427,0.00608661,0.007357697,0.005019202,0.003422733,0.00170582,0.001560911,0.000704462,0.001175494,0.002073538,0.005661022,0.038387424,0.071249144,0.302450142,0.188434415
.RN..L 3,0,0,0,0,0,0,0,0,0,0,0,0,0,0,0,0,0,0,0,0,4.05E-05,0.000107612,5.55E-05,0,2.69E-05,1.09E-05,0,0,0,0,0,0,0,0,0,0
.RN.H. 3,0,0,0,0,0,0,0,0,0,0,0,0,0,0,0,0,0,0,0,0,0,0,0,0,0,0,0,0,0,0,0,0,0.00030426,0.001598538,0.005014245,0.000893277
.RNN.. 3,0,0,0,0,0,0,0,0,0,0,0,0,0,0,0,0,0,0,4.16E-05,4.37E-05,4.92E-05,7.64E-05,0.000128057,0.000421177,0.000153787,0.000114215,0.000170729,0.000392252,0.000640058,0.001686578,0.003241728,0.003172124,0.005780933,0.020324275,0.026324786,0.006440997
.RNNH. 3,0,0,0,0,0,0,0,0,0,0,0,0,0,0,0,0,0,0,0,0,0,0,0,0,0,0,0,0,0,0,0,0,0,0,0.008319088,0.007616361
S..... 3,0.000859598,0.000308153,0.000839134,0.000824822,0.000756949,0.000645209,0.000764228,0.001137861,0.001115099,0.000873002,0,0,1.95E-05,0,0,4.01E-05,2.75E-05,4.10E-05,0,7.99E-05,0.00013491,0.000170871,0.000153663,8.09E-05,0.000159514,4.05E-05,5.27E-05,4.60E-05,9.67E-06,8.94E-05,0,0,0.00025355,0,0,0
S.N... 3,0,0,0,0,0,0,0,0,0,0,0,0,0,0,0,0,0,0,0,0,0,0,0,0,0,0,0,0,0,0,0,0.000122005,0.001014199,0.002283626,0.000683761,0.001739539
SR.... 3,0,0,0,6.49E-05,0,0,0,0,0.000423994,0.000369227,0.000877174,0.001238452,0.002785614,0.0046631,0.006749554,0.008862637,0.011928154,0.016613901,0.023004764,0.033350776,0.039103551,0.04847636,0.06429737,0.0635997,0.061721671,0.044536639,0.040858691,0.035666925,0.029982945,0.034332077,0.046961245,0.049119125,0.098782961,0.137702672,0.032364672,0.011847673
SR...L 3,0,0,0,0,0,0,0,0,0,0,0,0,0,1.98E-05,0,2.92E-05,2.30E-05,8.66E-05,0.000163306,0.000487239,0.000891349,0.002275881,0.004533791,0.007923017,0.004449688,0.004012343,0.001355034,0.000716461,0.000547889,0.000383313,0.00055489,0.000341613,0,0,0,0
SR..H. 3,0,0,0,0,0,0,0,0,0,0,0,0,0,0,0,0,0,0,0,6.09E-05,9.01E-05,0.000169631,0.000340242,0.000345285,0.00022602,0.000134584,0.000191683,0.000106246,2.07E-05,6.39E-05,0,0,0.001673428,0.00776433,0.010826211,0.000235073
SR.N.. 3,0,0,0,0,0,0,0,0,0,0,0,0,0,0,0,3.65E-05,4.13E-05,3.65E-05,0.000185146,0.000297538,0.000364232,0.001089056,0.002538452,0.003800063,0.002928969,0.002391329,0.002829578,0.002885159,0.002166591,0.00339871,0.004205485,0.00407496,0.002434077,0.004795615,0.003760684,0.000329102
SR.N.L 3,0,0,0,0,0,0,0,0,0,0,0,0,0,0,0,0,0,0,0,0,0,0,2.00E-05,6.36E-05,2.27E-05,0,0,0,0,0,0,0,0,0,0,0
SR.NH. 3,0,0,0,0,0,0,0,0,0,0,0,0,0,0,0,0,0,0,0,0,0,0,4.67E-05,3.20E-05,1.57E-05,0,1.54E-05,0,0,0,0,0,0,0,0,0
SRN... 3,0,0,0,0,0,0,0,0,0,0,0,0,0,0,0,0,0,0,2.97E-05,3.75E-05,3.18E-05,0.00010041,0.000188108,0.000499757,0.000208305,0.000165148,0.000128227,0.000130103,9.09E-05,0.000114994,0.002307176,0.007637499,0.048478702,0.207124914,0.305982906,0.631358721
SRN.H. 3,0,0,0,0,0,0,0,0,0,0,0,0,0,0,0,0,0,0,0,0,0,0,0,0,0,0,0,0,0,0,0,0,0,0.004567253,0.03008547,0.013305125
SRNN.. 3,0,0,0,0,0,0,0,0,0,0,0,0,0,0,0,0,0,0,0,0,0,0,0,0,0,0,0,0,0,0,0,0.000122005,0.002028398,0.006850879,0.08022792,0.079689704
SRNNH. 3,0,0,0,0,0,0,0,0,0,0,0,0,0,0,0,0,0,0,0,0,0,0,0,0,0,0,0,0,0,0,0,0,0,0,0,0.001739539
T..... 3,0.001371715,0.000660328,0.001194159,0.001502258,0.001229977,0.002179268,0.002615716,0.003450855,0.003242863,0.002271683,0,3.04E-05,2.74E-05,3.97E-05,2.32E-05,6.65E-05,3.82E-05,7.26E-05,5.95E-05,7.12E-05,6.95E-05,0.000122348,0.000130289,0.000161241,0.000139506,0.000131337,0.000141053,0.000232258,0.000132887,0.000293873,0.000379662,0.00024401,0,0,0,0
T....L 3,0,0,0,0,0,0,0,0,0,0,0,0,0,0,0,0,0,0,0,0,0,0,2.69E-05,2.83E-05,2.69E-05,0,0,0,0,0,0,0,0,0,0,0
T..N.. 3,1.72E-05,0,0,0,0,0,0,0,0,0,0,0,0,0,0,0,0,0,0,0,0,0,0,0,0,0,1.50E-05,4.46E-05,4.87E-05,8.94E-05,0,0,0,0,0,0
T.N... 3,0,0,0,0,0,0,0,0,0,0,0,0,0,0,0,0,0,0,0,0,0,0,1.71E-05,0,0,0,0,0,0,0,0,0,0,0,0,0
TR.... 3,5.77E-05,0,0,0.000122412,0.000138746,3.34E-05,0,4.83E-05,0.001584397,0.000249754,0.003155509,0.003750428,0.006693417,0.009211727,0.011169899,0.013364002,0.017290704,0.020175579,0.021635105,0.022593392,0.027347319,0.036857878,0.048215252,0.052579211,0.054845688,0.072532848,0.092184983,0.106243018,0.097633067,0.108682042,0.13863497,0.188790201,0.330476673,0.170815255,0.003418803,0.000752233
TR...L 3,0,0,0,0,0,0,0,0,0,0,0,0,0,0,0,2.55E-05,7.04E-05,0.000166656,0.000368937,0.000937266,0.001516174,0.003946638,0.006921916,0.011330647,0.007038195,0.006758677,0.002630582,0.00141181,0.001170458,0.000638855,0.000730119,0.001049241,0.00025355,0,0,0
TR..H. 3,0,0,0,0,0,0,0,0,0,0,0,0,0,0,0,0,0,0,0,3.12E-05,4.34E-05,1.00E-04,0.000160365,0.000250466,0.000146975,0.000157325,0.000102748,0.000101726,7.46E-05,0,0,0,0,0,0,0
TR.N.. 3,0,0,0,0,0,0,0,0,0,0,0,0,2.74E-05,3.16E-05,3.71E-05,4.99E-05,9.44E-05,0.000226413,0.000265906,0.000391737,0.000600553,0.001328865,0.002622535,0.004714315,0.004716688,0.008458878,0.015363767,0.025636435,0.042167929,0.077007602,0.066323998,0.056048997,0.008924949,0.001370176,0,0
TR.N.L 3,0,0,0,0,0,0,0,0,0,0,0,0,0,0,0,0,0,0,0,0,0,0,6.09E-05,4.85E-05,6.65E-05,3.80E-05,1.25E-05,2.01E-05,0,0,0,0,0,0,0,0
TRN... 3,0,0,0,0,0,0,0,0,0,0,0,0,0,0,0,2.03E-05,0,3.73E-05,0.000214064,0.000268636,0.000483148,0.001269407,0.001552595,0.002362652,0.001526421,0.001079242,0.000214692,6.21E-05,5.42E-05,0,0.000146024,0.000122005,0.001217039,0,0,0
TRN..L 3,0,0,0,0,0,0,0,0,0,0,0,0,0,0,0,0,0,0,0,0,0,0,2.02E-05,0,2.02E-05,0,0,0,0,0,0,0,0,0,0,0
TRNN.. 3,0,0,0,0,0,0,0,0,0,0,0,0,0,0,0,0,0,0,0,0,0,0,2.57E-05,0,0,0,0,0,0,0,0,0,0,0,0,0
..... 4,0.993336876,0.997411516,0.994841229,0.993300123,0.993890825,0.992273159,0.992875172,0.990501381,0.988950044,0.991676622,0.992977969,0.991095949,0.989212934,0.987452373,0.986037886,0.98285543,0.982054787,0.979233636,0.974599207,0.96797695,0.963850626,0.951789283,0.929209633,0.896011503,0.915686122,0.805963335,0.706836938,0.661139821,0.612382404,0.672433399,0.645746328,0.630813528,0.505628803,0.247088376,0.028490028,0.007804419
....T 4,0.000750647,0.000193696,0.000711437,0.001372234,0.00066749,0.001509621,0.001465811,0.001716008,0.002813344,0.001917211,0.002757543,0.003746753,0.004099059,0.004548804,0.005014937,0.005902368,0.00657093,0.007325946,0.008651015,0.010216554,0.011930941,0.015817293,0.024819185,0.048630055,0.04359387,0.160129943,0.244188086,0.277468092,0.317020547,0.233450457,0.182383692,0.130032697,0.018002028,0.002740352,0.015384615,0.017301363
...K. 4,0.002388618,0.000889241,0.001644331,0.002254411,0.002155674,0.001979877,0.001927818,0.002986014,0.002968298,0.002305104,0.001519747,0.002126874,0.002550534,0.002990126,0.003199675,0.004189468,0.004201742,0.004835056,0.005885956,0.00738368,0.008072411,0.009405049,0.010442913,0.010015797,0.011737013,0.015249328,0.02902063,0.042926691,0.060057922,0.069085798,0.093017143,0.084866527,0.015162272,0.005480703,0.000797721,0
...KT 4,0,0,0,0,0,0,0,0,0,0,0,0,0,0,0,0,0,0,0,0,0,0,2.72E-05,2.13E-05,4.87E-05,0.00027312,0.000888462,0.001230076,0.002023325,0.001264933,0.000846938,0.000488019,0,0,0,0
..Y.. 4,0.001921375,0.000783589,0.001184661,0.001462176,0.00155354,0.001481194,0.001385298,0.001547901,0.00170664,0.001465286,0.00113154,0.001205314,0.001109234,0.001063922,0.001045056,0.001305248,0.00095927,0.00082058,0.000798804,0.000936182,0.001035302,0.001138128,0.001467074,0.002231269,0.00173753,0.002063595,0.002692383,0.003402106,0.00290831,0.004216444,0.023071756,0.050436777,0.375456389,0.654715689,0.861424501,0.900141044
..Y.T 4,0,0,0,0,0,0,0,0,0,0,0,0,0,0,0,0,0,0,0,0,0,0,0,0,0,9.40E-05,0.000243212,0.000348301,0.000347571,0.000357759,0.00055489,0.000170807,0.001064909,0,0,0.001363423
..YK. 4,0,0,0,0,0,0,0,0,0,0,0,0,0,0,0,0,0,0,0,0,0,0,0,0,0,0,0,0,1.55E-05,0,0.000146024,0,0.00035497,0,0,0.000235073
.D... 4,0.000381542,0.000158479,0.000310734,0.000313744,0.000196067,0.000391665,0.000205311,0.000377305,0.000351395,0.000218704,0.000203655,0.000166805,0.00023644,0.000250309,0.0002593,0.000212809,0.000214919,0.000120217,0.000223311,0.000122014,0.000194012,0.000154649,0.000236175,0.000222985,0.00011399,4.19E-05,9.55E-05,2.76E-05,0,7.67E-05,0,0,0,0,0,0
.D..T 4,0,0,0,0,0,0,0,0,0,0,0,0,0,0,0,0,0,0,0,0,0,0,0,0,0,0,0,0,2.40E-05,0,0,0,0,0,0,0
.DY.. 4,0,0,0,0,0,0,0,0,0,0,0,0,0,0,0,0,0,0,0,0,0,0,0,0,0,0,0,0,0,0,0,0,0.00040568,0.005023978,0.042962963,0.054724965
.DY.T 4,0,0,0,0,0,0,0,0,0,0,0,0,0,0,0,0,0,0,0,0,0,0,0,0,0,0,0,0,0,0,0,0,0.001977688,0.01552866,0.015726496,0.000611189
.H... 4,0.00030065,0.000114457,0.000294244,0.000478492,0.000518026,0.00056641,0.000441943,0.000731343,0.001078337,0.000829976,0.000713809,0.00104062,0.002067627,0.002869336,0.003550645,0.004301904,0.004754286,0.006051354,0.007535668,0.009452018,0.009827116,0.012529372,0.016039314,0.015936408,0.012788284,0.006605773,0.004604294,0.002130741,0.001033588,0.001418258,0.00178149,0.001366454,0.000862069,0,0,0
.H..T 4,0,0,0,0,0,0,0,0,0,0,0,0,0,0,0,2.03E-05,2.87E-05,0,4.31E-05,3.81E-05,6.25E-05,5.42E-05,7.53E-05,6.11E-05,6.25E-05,9.37E-05,0.000200044,0.000292423,0.000392571,0.000268319,0.000379662,0.000439217,0,0,0,0
.H.K. 4,0,0,0,0,0,0,0,0,0,0,0,0,0,0,0,0,0,0,0,0,0,2.58E-05,1.29E-05,2.13E-05,1.57E-05,0,0,0,0,0,0,0,0,0,0,0
.HY.. 4,0,0,0,0,0,0,0,0,0,0,0,0,0,0,0,0,0,0,0,0,0,0,0,0,0,0,1.32E-05,3.54E-05,0,0,0,0.000341613,0.000963489,0.001826901,0.005014245,0.009214857
.S... 4,0.000247452,9.68E-05,0.000199791,0.000210304,0.000488566,0.000943395,0.000840454,0.001280685,0.001204488,0.000894736,0.000191909,0.000179823,0.000278727,0.00037915,0.000473035,0.000724798,0.000885607,0.001264214,0.001977642,0.003491474,0.004682418,0.008768029,0.017212249,0.026092467,0.013260246,0.008967068,0.009445144,0.005317734,0.001415835,0.002517089,0.002862066,0.002391294,0.00030426,0,0,0
.S..T 4,0,0,0,0,0,0,0,0,0,0,0,0,0,0,0,0,0,0,0,0,8.93E-06,1.57E-05,6.74E-05,8.96E-05,5.38E-05,4.92E-05,8.47E-05,7.48E-05,0.000150754,0.000166102,0.000146024,0.000170807,0,0,0,0
.S.K. 4,0,0,0,0,0,0,0,0,0,0,0,0,0,0,0,0,0,0,0,0,0,0,1.84E-05,6.95E-05,1.31E-05,0,0,0,0,0,0,0,0,0,0,0
.SY.. 4,0,0,0,0,0,0,0,0,0,0,0,0,0,0,0,0,0,0,0,0,0,0,8.63E-05,0.000326467,0.000655782,0.000130242,0.001401149,0.005306402,0.001715642,0.013697055,0.045092141,0.094919721,0.056997972,0.05366522,0.021538462,0.007475317
.SY.T 4,0,0,0,0,0,0,0,0,0,0,0,0,0,0,0,0,0,0,0,0,0,0,0,0,0,0,0,1.48E-05,0,0.000281096,0.000584095,0.000390415,0,0,0,0
.SYK. 4,0,0,0,0,0,0,0,0,0,0,0,0,0,0,0,0,0,0,0,0,0,0,0,0,0,0,0,0,0,7.67E-05,0,0,0,0,0,0
G.... 4,0.000672839,0.000352175,0.000813574,0.000608515,0.000529812,0.000854678,0.000858194,0.000859363,0.000927453,0.000692361,0.000503827,0.000437862,0.000445446,0.000445981,0.000419467,0.000487694,0.000329788,0.000348998,0.00028526,0.000382991,0.000335738,0.000290426,0.000252187,0.000224179,0.000233317,0.000290909,0.000255907,0.000219187,0.000459831,0.000626078,0.003387752,0.003172124,0.022819473,0.013930121,0.008660969,0.00112835
G...T 4,0,0,0,0,0,0,0,0,0,0,0,0,0,0,0,0,0,0,0,0,0,0,0,0,0,1.75E-05,3.04E-05,6.59E-05,5.22E-05,6.39E-05,0,0,0,0,0,0
GS... 4,0,0,0,0,0,0,0,0,0,0,0,0,0,0,0,0,0,0,0,0,0,1.21E-05,3.38E-05,4.62E-05,0,3.04E-05,0,0,0,0,0,0,0,0,0,0
.. 5,0.997645344,0.999260433,0.998312764,0.997302904,0.997260408,0.997028466,0.996837504,0.996161776,0.995018371,0.996207114,0.997115732,0.997122296,0.996537337,0.995931742,0.995820452,0.994893425,0.994787553,0.992942865,0.991258483,0.988541241,0.98179649,0.966412618,0.931191936,0.848233822,0.857450113,0.571552048,0.39056939,0.31070952,0.18026793,0.247786367,0.417248328,0.604289688,0.883975659,0.850422471,0.481481481,0.651527974
.G 5,0.001819854,0.000563479,0.001128364,0.001528198,0.00171318,0.001600044,0.001535427,0.00197738,0.002445139,0.002162526,0.001645127,0.001419426,0.001481818,0.001457819,0.001484044,0.002085177,0.002177649,0.003398386,0.004200314,0.004644607,0.009081367,0.018154442,0.042566205,0.12193053,0.115378643,0.414777273,0.59694512,0.68258718,0.817000551,0.750079857,0.581554277,0.394026646,0.113742394,0.147522265,0.476239316,0.280441937
.N 5,0.000393349,0.000105652,0.000312548,0.000506042,0.000443562,0.00054887,0.000908856,0.000754512,0.001101779,0.000633412,0.000990293,0.001055025,0.001471718,0.001683261,0.001758219,0.001999104,0.002120788,0.002515017,0.003398107,0.005368076,0.007767608,0.013975519,0.02485214,0.028644611,0.025856781,0.012688486,0.011751981,0.0062068,0.002180167,0.001724909,0.000876143,0.001098043,0.00030426,0,0,0
I. 5,0.000141453,7.04E-05,0.000246324,0.000662856,0.00058285,0.000822619,0.000718213,0.001106331,0.001434711,0.000996948,0.000248849,0.000403253,0.000509127,0.000927178,0.000937286,0.001022294,0.00091401,0.001143732,0.001143096,0.001446077,0.001354535,0.001457422,0.001375443,0.001145685,0.001314463,0.00086973,0.00047168,0.000219162,7.14E-05,0.000140548,0,0.000170807,0,0,0.001367521,0.003949224
IG 5,0,0,0,0,0,0,0,0,0,0,0,0,0,0,0,0,0,0,0,0,0,0,0,0,0,6.04E-05,0.000244343,0.000277339,0.00047996,0.000268319,0.000321252,0.000170807,0,0,0,0
IN 5,0,0,0,0,0,0,0,0,0,0,0,0,0,0,0,0,0,0,0,0,0,0,1.43E-05,4.54E-05,0,5.20E-05,1.75E-05,0,0,0,0,0.00024401,0.001977688,0.002055264,0.040911681,0.064080865
