Abbrev genotype,0hrs,12hrs,24hrs,36hrs,48hrs,60hrs,72hrs,84hrs,96hrs,108hrs,120hrs,132hrs,144hrs,156hrs,168hrs,180hrs,192hrs,204hrs,216hrs,228hrs,240hrs,264hrs,276hrs,300hrs,324hrs,348hrs,372hrs,396hrs,408hrs,432hrs,456hrs,480hrs,504hrs,528hrs
VIWS.DNGE.I.YC.KS.L,0.0,0.0,0.0,0.0,0.0,0.0,0.0,0.0,0.003802281368821293,0.0,0.0,0.0,0.0,0.0,0.0,0.0,0.0,0.0,0.0,0.0,0.0,0.0,0.0,0.0,0.0,0.0,0.0,0.0,0.0,0.0,0.0,0.10135135135135136,0.8062283737024221,0.7999999999999999
VIW..DNGE.I.YC.KS.L,0.0,0.0,0.0,0.0,0.0,0.0,0.0,0.0,0.0,0.0,0.0,0.0,0.0,0.0,0.0,0.0,0.0,0.0,0.0,0.0,0.0,0.0,0.0,0.0,0.0,0.0,0.0,0.0,0.023715415019762837,0.006779661016949153,0.0,0.06756756756756756,0.03114186851211073,0.04242424242424243
VIW...N.ERI.YC.KSKL,0.0,0.0,0.0,0.0,0.0,0.0,0.0,0.0,0.0,0.0,0.0,0.0,0.0,0.0,0.0,0.0,0.0,0.0,0.0,0.0,0.0,0.0,0.0,0.0,0.0,0.0,0.0,0.0,0.10276679841897232,0.5694915254237288,0.5663716814159292,0.06756756756756756,0.0,0.030303030303030304
VIWS..NGE.I.YC.KS.L,0.0,0.0,0.0,0.0,0.0,0.0,0.0,0.0,0.0,0.0,0.0,0.0,0.0,0.0,0.0,0.0,0.0,0.0,0.0,0.0,0.0,0.0,0.0,0.0,0.0,0.0,0.0,0.0,0.003952569169960474,0.0033898305084745766,0.0,0.13513513513513511,0.12802768166089964,0.02424242424242424
VIWS.DNGE.I.YC.KSKL,0.0,0.0,0.0,0.0,0.0,0.0,0.0,0.0,0.0,0.0,0.0,0.0,0.0,0.0,0.0,0.0,0.0,0.0,0.0,0.0,0.0,0.0,0.0,0.0,0.0,0.0,0.0,0.0,0.0,0.0,0.0,0.0,0.0,0.018181818181818177
VIW...N.ERI.YC.KS.L,0.0,0.0,0.0,0.0,0.0,0.0,0.0,0.0,0.003802281368821293,0.0,0.0,0.0,0.0,0.0,0.0,0.0,0.0,0.0,0.0,0.0,0.0,0.0,0.0,0.0,0.022727272727272728,0.006622516556291388,0.0,0.0,0.14229249011857706,0.21355932203389827,0.25663716814159293,0.08108108108108107,0.003460207612456748,0.018181818181818177
VIWS..N.E.I.YC.KS.L,0.0,0.0,0.0,0.0,0.0,0.0,0.0,0.0,0.0,0.0,0.0,0.0,0.0,0.0,0.0,0.0,0.0,0.0,0.0,0.0,0.0,0.0,0.0,0.0,0.0,0.006622516556291388,0.0,0.0,0.0,0.0,0.0,0.06756756756756756,0.003460207612456748,0.012121212121212121
...................,0.9977827050997783,0.9952267303102625,0.9975186104218363,0.9950980392156862,0.9935064935064936,0.9627118644067797,0.9330143540669856,0.8541666666666667,0.6273764258555133,0.37967914438502676,0.04395604395604396,0.019801980198019802,0.007380073800738007,0.0,0.0,0.0,0.0,0.0,0.0,0.0,0.0,0.0,0.0,0.0,0.0,0.0,0.024390243902439032,0.10526315789473688,0.003952569169960474,0.0,0.008849557522123894,0.0,0.003460207612456748,0.012121212121212121
VIW...NGE.I.YC.KS.L,0.0,0.0,0.0,0.0,0.0,0.0,0.0,0.0,0.0,0.0,0.0,0.0,0.0,0.0,0.0,0.0,0.0,0.0,0.0,0.0,0.0,0.0,0.0,0.0,0.0,0.0,0.0,0.0,0.5059288537549407,0.0576271186440678,0.039823008849557515,0.1689189189189189,0.010380622837370242,0.006060606060606061
V...........YC.....,0.0,0.0,0.0,0.0,0.0,0.0,0.0,0.006944444444444445,0.026615969581749055,0.11764705882352942,0.6923076923076922,0.7821782178217824,0.8745387453874538,0.9620991253644315,0.9735294117647059,0.9363867684478372,0.9061662198391421,0.7701612903225806,0.718562874251497,0.7142857142857142,0.5805471124620059,0.48148148148148145,0.43859649122807004,0.0,0.0,0.0,0.0,0.0,0.0,0.0,0.0,0.0,0.003460207612456748,0.006060606060606061
VIWS.DN.E.I.YC.KS.L,0.0,0.0,0.0,0.0,0.0,0.0,0.0,0.0,0.0,0.0,0.0,0.0,0.0,0.0,0.0,0.0,0.0,0.0,0.0,0.0,0.0,0.0,0.0,0.0,0.0,0.0,0.0,0.0,0.0,0.0,0.0,0.03378378378378378,0.006920415224913496,0.006060606060606061
VIWS..N.ERI.YC.KS.L,0.0,0.0,0.0,0.0,0.0,0.0,0.0,0.0,0.0,0.0,0.0,0.0,0.0,0.0,0.0,0.0,0.0,0.0,0.0,0.0,0.0,0.0,0.0,0.0,0.0,0.0,0.0,0.0,0.0,0.013559322033898306,0.004424778761061947,0.0,0.0,0.006060606060606061
VIW..DN.E.I.YC.KS.L,0.0,0.0,0.0,0.0,0.0,0.0,0.0,0.0,0.0,0.0,0.0,0.0,0.0,0.0,0.0,0.0,0.0,0.0,0.0,0.0,0.0,0.0,0.0,0.0,0.0,0.0,0.0,0.0,0.0,0.01016949152542373,0.0,0.027027027027027025,0.0,0.006060606060606061
VIW...NGE.I.YC.KSKL,0.0,0.0,0.0,0.0,0.0,0.0,0.0,0.0,0.0,0.0,0.0,0.0,0.0,0.0,0.0,0.0,0.0,0.0,0.0,0.0,0.0,0.0,0.0,0.0,0.0,0.0,0.0,0.0,0.011857707509881419,0.016949152542372878,0.008849557522123894,0.006756756756756756,0.0,0.006060606060606061
VIW...N.E.I.YC.KS.L,0.0,0.0,0.0,0.0,0.0,0.0,0.0,0.0,0.0,0.0,0.0,0.0,0.0,0.0,0.0,0.0,0.0,0.0,0.0,0.0,0.0,0.0,0.0,0.05925925925925924,0.7102272727272727,0.8145695364238409,0.012195121951219516,0.0,0.14624505928853754,0.07457627118644068,0.04424778761061946,0.22297297297297294,0.0,0.006060606060606061
VI........I.YC.KS..,0.0,0.0,0.0,0.0,0.0,0.0,0.0,0.0,0.0,0.0,0.0,0.0,0.0,0.0,0.0,0.0,0.0,0.0,0.0,0.0,0.0,0.0,0.0,0.037037037037037035,0.005681818181818182,0.0,0.0,0.0,0.0,0.0,0.0,0.0,0.0,0.0
VI..G......PYCDKS..,0.0,0.0,0.0,0.0,0.0,0.0,0.0,0.0,0.0,0.0,0.0,0.0,0.0,0.0,0.0,0.0,0.0,0.0,0.0,0.0,0.0,0.0,0.0,0.0,0.0,0.0,0.03658536585365855,0.06140350877192983,0.0,0.0,0.0,0.0,0.0,0.0
VI..G......PYCDK...,0.0,0.0,0.0,0.0,0.0,0.0,0.0,0.0,0.0,0.0,0.0,0.0,0.0,0.0,0.0,0.0,0.0,0.0,0.0,0.0,0.0,0.0,0.0,0.0,0.0,0.0,0.0,0.026315789473684216,0.0,0.0,0.0,0.0,0.0,0.0
VI..G.......YC.KS.L,0.0,0.0,0.0,0.0,0.0,0.0,0.0,0.0,0.0,0.0,0.0,0.0,0.0,0.0,0.0,0.0,0.0,0.0,0.0,0.0,0.0,0.0,0.0,0.0,0.0,0.0,0.012195121951219516,0.0,0.0,0.0,0.0,0.0,0.0,0.0
VI....N.E.I.YC.KS.L,0.0,0.0,0.0,0.0,0.0,0.0,0.0,0.0,0.0,0.0,0.0,0.0,0.0,0.0,0.0,0.0,0.0,0.0,0.0,0.0,0.0,0.0,0.0,0.0,0.017045454545454548,0.02649006622516556,0.012195121951219516,0.0,0.0,0.0,0.0,0.0,0.0,0.0
VI.....G...PYCDK...,0.0,0.0,0.0,0.0,0.0,0.0,0.0,0.0,0.0,0.0,0.0,0.0,0.0,0.0,0.0,0.0,0.0,0.0,0.0,0.0,0.0,0.0,0.0,0.0,0.0,0.0,0.012195121951219516,0.0,0.0,0.0,0.0,0.0,0.0,0.0
VI.....G....YC.KS..,0.0,0.0,0.0,0.0,0.0,0.0,0.0,0.0,0.0,0.0,0.0,0.0,0.0,0.0,0.0,0.0,0.0,0.0,0.0,0.0,0.0,0.0,0.0,0.0,0.0,0.0,0.024390243902439032,0.03508771929824562,0.0,0.0,0.0,0.0,0.0,0.0
VI........IPYCDKS..,0.0,0.0,0.0,0.0,0.0,0.0,0.0,0.0,0.0,0.0,0.0,0.0,0.0,0.0,0.0,0.0,0.0,0.0,0.0,0.0,0.0,0.0,0.0,0.0,0.0,0.0,0.012195121951219516,0.0,0.0,0.0,0.0,0.0,0.0,0.0
V............C.....,0.0,0.0,0.0,0.0,0.0,0.0,0.0,0.0,0.022813688212927757,0.03743315508021391,0.036630036630036625,0.039603960396039604,0.014760147601476014,0.0,0.0,0.0,0.0,0.0,0.0,0.0,0.0,0.0,0.0,0.0,0.0,0.0,0.0,0.0,0.0,0.0,0.0,0.0,0.0,0.0
VI........I.YC.K...,0.0,0.0,0.0,0.0,0.0,0.0,0.0,0.0,0.0,0.0,0.0,0.0,0.0,0.0,0.0,0.0,0.0,0.0,0.0,0.0,0.0,0.0,0.0,0.02222222222222222,0.0,0.0,0.0,0.0,0.0,0.0,0.0,0.0,0.0,0.0
VI........I.YC.....,0.0,0.0,0.0,0.0,0.0,0.0,0.0,0.0,0.0,0.0,0.0,0.0049504950495049506,0.0,0.0,0.0,0.0,0.0,0.008064516129032258,0.008982035928143712,0.006211180124223602,0.0030395136778115493,0.01481481481481481,0.011695906432748536,0.0,0.0,0.0,0.0,0.0,0.0,0.0,0.0,0.0,0.0,0.0
VI.S........YC.....,0.0,0.0,0.0,0.0,0.0,0.0,0.0,0.0,0.0,0.0,0.0,0.0,0.0,0.0,0.0,0.0,0.0,0.0,0.0,0.0,0.0030395136778115493,0.0,0.017543859649122803,0.0,0.0,0.0,0.0,0.0,0.0,0.0,0.0,0.0,0.0,0.0
VI.........PYCDKS..,0.0,0.0,0.0,0.0,0.0,0.0,0.0,0.0,0.0,0.0,0.0,0.0,0.0,0.0,0.0,0.0,0.0,0.0,0.0,0.0,0.0,0.0,0.0,0.0,0.0,0.0,0.024390243902439032,0.06140350877192983,0.0,0.0,0.0,0.0,0.0,0.0
VI.........PYCDK.K.,0.0,0.0,0.0,0.0,0.0,0.0,0.0,0.0,0.0,0.0,0.0,0.0,0.0,0.0,0.0,0.0,0.0,0.0,0.0,0.0,0.0,0.0,0.0,0.0,0.0,0.0,0.012195121951219516,0.0,0.0,0.0,0.0,0.0,0.0,0.0
VI.........PYCDK...,0.0,0.0,0.0,0.0,0.0,0.0,0.0,0.0,0.0,0.0,0.0,0.0,0.0,0.0,0.0,0.0,0.0,0.0,0.0,0.0,0.0,0.0,0.005847953216374268,0.02962962962962962,0.0,0.0,0.19512195121951229,0.08771929824561406,0.0,0.0,0.0,0.0,0.0,0.0
VI.........PYC.KS..,0.0,0.0,0.0,0.0,0.0,0.0,0.0,0.0,0.0,0.0,0.0,0.0,0.0,0.0,0.0,0.0,0.0,0.0,0.0,0.0,0.0,0.0,0.0,0.007407407407407405,0.0,0.0,0.012195121951219516,0.0,0.0,0.0,0.0,0.0,0.0,0.0
VI.........PYC.....,0.0,0.0,0.0,0.0,0.0,0.0,0.0,0.0,0.0,0.0,0.0,0.0,0.0,0.0,0.0,0.0,0.0,0.004032258064516129,0.0029940119760479035,0.012422360248447204,0.021276595744680847,0.02222222222222222,0.017543859649122803,0.0,0.0,0.0,0.0,0.0,0.0,0.0,0.004424778761061947,0.0,0.0,0.0
VI..G..G...PYCDKS..,0.0,0.0,0.0,0.0,0.0,0.0,0.0,0.0,0.0,0.0,0.0,0.0,0.0,0.0,0.0,0.0,0.0,0.0,0.0,0.0,0.0,0.0,0.0,0.0,0.0,0.0,0.012195121951219516,0.01754385964912281,0.0,0.0,0.0,0.0,0.0,0.0
VIW.......I.YC.KS..,0.0,0.0,0.0,0.0,0.0,0.0,0.0,0.0,0.0,0.0,0.0,0.0,0.0,0.0,0.0,0.0,0.0,0.0,0.0,0.0,0.0,0.0,0.0,0.14074074074074072,0.03977272727272728,0.013245033112582776,0.0,0.0,0.0,0.0,0.0,0.0,0.0,0.0
VIW.........YC.K...,0.0,0.0,0.0,0.0,0.0,0.0,0.0,0.0,0.0,0.0,0.0,0.0,0.0,0.0,0.0,0.0,0.0,0.0,0.0,0.0,0.0,0.0,0.0,0.02222222222222222,0.011363636363636362,0.0,0.0,0.0,0.0,0.0,0.0,0.0,0.0,0.0
VIW.........YC.KS..,0.0,0.0,0.0,0.0,0.0,0.0,0.0,0.0,0.0,0.0,0.0,0.0,0.0,0.0,0.0,0.0,0.0,0.0,0.0,0.0,0.0,0.0,0.0,0.02962962962962962,0.0,0.0,0.0,0.0,0.0,0.0,0.0,0.0,0.0,0.0
............YC.....,0.0,0.0,0.0,0.0,0.0,0.0,0.0,0.006944444444444445,0.007604562737642586,0.05882352941176471,0.02197802197802198,0.019801980198019802,0.02214022140221402,0.014577259475218658,0.011764705882352941,0.010178117048346055,0.005361930294906166,0.004032258064516129,0.0,0.0,0.0060790273556230985,0.0,0.0,0.0,0.0,0.0,0.0,0.0,0.0,0.0,0.0,0.0,0.0,0.0
......N.E.I.YC.KS.L,0.0,0.0,0.0,0.0,0.0,0.0,0.0,0.0,0.0,0.0,0.0,0.0,0.0,0.0,0.0,0.0,0.0,0.0,0.0,0.0,0.0,0.0,0.0,0.0,0.0,0.0,0.012195121951219516,0.0,0.0,0.0,0.0,0.0,0.0,0.0
......N.ERI.YC.KSKL,0.0,0.0,0.0,0.0,0.0,0.0,0.0,0.0,0.0,0.0,0.0,0.0,0.0,0.0,0.0,0.0,0.0,0.0,0.0,0.0,0.0,0.0,0.0,0.0,0.0,0.0,0.0,0.0,0.0,0.0,0.017699115044247787,0.0,0.0,0.0
....G......PYCDKS..,0.0,0.0,0.0,0.0,0.0,0.0,0.0,0.0,0.0,0.0,0.0,0.0,0.0,0.0,0.0,0.0,0.0,0.0,0.0,0.0,0.0,0.0,0.0,0.0,0.0,0.0,0.012195121951219516,0.03508771929824562,0.0,0.0,0.0,0.0,0.0,0.0
VIW...NGERI.YC.KS.L,0.0,0.0,0.0,0.0,0.0,0.0,0.0,0.0,0.0,0.0,0.0,0.0,0.0,0.0,0.0,0.0,0.0,0.0,0.0,0.0,0.0,0.0,0.0,0.0,0.0,0.0,0.0,0.0,0.023715415019762837,0.01016949152542373,0.0,0.0,0.0,0.0
VIW...NGE.I.Y..KS.L,0.0,0.0,0.0,0.0,0.0,0.0,0.0,0.0,0.0,0.0,0.0,0.0,0.0,0.0,0.0,0.0,0.0,0.0,0.0,0.0,0.0,0.0,0.0,0.0,0.0,0.0,0.0,0.0,0.01976284584980237,0.0,0.0,0.0,0.0,0.0
..W...N.ERI.YC.KSKL,0.0,0.0,0.0,0.0,0.0,0.0,0.0,0.0,0.0,0.0,0.0,0.0,0.0,0.0,0.0,0.0,0.0,0.0,0.0,0.0,0.0,0.0,0.0,0.0,0.0,0.0,0.0,0.0,0.0,0.0,0.02212389380530973,0.0,0.0,0.0
V..................,0.0022172949002217295,0.0023866348448687356,0.0024813895781637713,0.0049019607843137246,0.006493506493506493,0.03389830508474576,0.0645933014354067,0.12500000000000003,0.27756653992395436,0.2566844919786096,0.10989010989010986,0.06930693069306933,0.02952029520295203,0.0,0.0,0.002544529262086514,0.0,0.0,0.0,0.0,0.0,0.0,0.0,0.0,0.0,0.0,0.0,0.026315789473684216,0.003952569169960474,0.0,0.0,0.0,0.0,0.0
VIW...N.E.I.YC.KSKL,0.0,0.0,0.0,0.0,0.0,0.0,0.0,0.0,0.0,0.0,0.0,0.0,0.0,0.0,0.0,0.0,0.0,0.0,0.0,0.0,0.0,0.0,0.0,0.0,0.0,0.0,0.0,0.0,0.011857707509881419,0.02033898305084746,0.026548672566371678,0.020270270270270264,0.0,0.0
VIW...N.E.I.YC.KS..,0.0,0.0,0.0,0.0,0.0,0.0,0.0,0.0,0.0,0.0,0.0,0.0,0.0,0.0,0.0,0.0,0.0,0.0,0.0,0.0,0.0,0.0,0.0,0.02962962962962962,0.06250000000000001,0.05298013245033112,0.0,0.01754385964912281,0.0,0.0,0.0,0.0,0.0,0.0
VIW...N...I.YC.KS.L,0.0,0.0,0.0,0.0,0.0,0.0,0.0,0.0,0.0,0.0,0.0,0.0,0.0,0.0,0.0,0.0,0.0,0.0,0.0,0.0,0.0,0.0,0.0,0.007407407407407405,0.034090909090909095,0.04635761589403973,0.012195121951219516,0.0,0.0,0.0,0.0,0.0,0.0,0.0
VIW...N...I.YC.KS..,0.0,0.0,0.0,0.0,0.0,0.0,0.0,0.0,0.0,0.0,0.0,0.0,0.0,0.0,0.0,0.0,0.0,0.0,0.0,0.0,0.0,0.0,0.0,0.02962962962962962,0.05681818181818182,0.02649006622516556,0.0,0.0,0.0,0.0033898305084745766,0.0,0.0,0.0,0.0
VIW.......I.YC.KS.L,0.0,0.0,0.0,0.0,0.0,0.0,0.0,0.0,0.0,0.0,0.0,0.0,0.0,0.0,0.0,0.0,0.0,0.0,0.0,0.0,0.0,0.0,0.0,0.007407407407407405,0.017045454545454548,0.0,0.0,0.0,0.0,0.0,0.0,0.0,0.0,0.0
VI..........YCDKS..,0.0,0.0,0.0,0.0,0.0,0.0,0.0,0.0,0.0,0.0,0.0,0.0,0.0,0.0,0.0,0.0,0.0,0.0,0.0,0.0,0.0,0.0,0.0,0.0,0.0,0.0,0.012195121951219516,0.0,0.0,0.0,0.0,0.0,0.0,0.0
VIW.......I.YC..S..,0.0,0.0,0.0,0.0,0.0,0.0,0.0,0.0,0.0,0.0,0.0,0.0,0.0,0.0,0.0,0.0,0.0,0.0,0.0,0.0,0.0,0.0,0.0,0.04444444444444444,0.0,0.0,0.0,0.0,0.0,0.0,0.0,0.0,0.0,0.0
VI.........PY.DK...,0.0,0.0,0.0,0.0,0.0,0.0,0.0,0.0,0.0,0.0,0.0,0.0,0.0,0.0,0.0,0.0,0.0,0.0,0.0,0.0,0.0,0.0,0.0,0.0,0.0,0.0,0.012195121951219516,0.0,0.0,0.0,0.0,0.0,0.0,0.0
VI..........YCDK...,0.0,0.0,0.0,0.0,0.0,0.0,0.0,0.0,0.0,0.0,0.0,0.0,0.0,0.0,0.0,0.0,0.0,0.0,0.0,0.0,0.0,0.0,0.0,0.0,0.0,0.0,0.012195121951219516,0.0,0.0,0.0,0.0,0.0,0.0,0.0
V...........Y......,0.0,0.0,0.0,0.0,0.0,0.0,0.0,0.0,0.015209125475285173,0.05882352941176471,0.047619047619047616,0.039603960396039604,0.02214022140221402,0.020408163265306124,0.011764705882352941,0.017811704834605598,0.008042895442359248,0.020161290322580648,0.02395209580838323,0.012422360248447204,0.012158054711246197,0.0037037037037037025,0.011695906432748536,0.0,0.0,0.0,0.0,0.0,0.0,0.0,0.0,0.0,0.0,0.0
V..........PYCDK..L,0.0,0.0,0.0,0.0,0.0,0.0,0.0,0.0,0.0,0.0,0.0,0.0,0.0,0.0,0.0,0.0,0.0,0.0,0.0,0.0,0.0,0.0,0.0,0.04444444444444444,0.0,0.0,0.012195121951219516,0.0,0.0,0.0,0.0,0.0,0.0,0.0
V......G....YC.KS..,0.0,0.0,0.0,0.0,0.0,0.0,0.0,0.0,0.0,0.0,0.0,0.0,0.0,0.0,0.0,0.0,0.0,0.0,0.0,0.0,0.0,0.0,0.0,0.0,0.0,0.0,0.012195121951219516,0.008771929824561405,0.0,0.0,0.0,0.0,0.0,0.0
V.......E.I.YC.KS.L,0.0,0.0,0.0,0.0,0.0,0.0,0.0,0.0,0.0,0.0,0.0,0.0,0.0,0.0,0.0,0.0,0.0,0.0,0.0,0.0,0.0,0.0,0.0,0.0,0.005681818181818182,0.0,0.012195121951219516,0.0,0.0,0.0,0.0,0.0,0.0,0.0
V........R..YC.....,0.0,0.0,0.0,0.0,0.0,0.0,0.0,0.0,0.0,0.0,0.0,0.0049504950495049506,0.0,0.0,0.0,0.0,0.0,0.004032258064516129,0.011976047904191614,0.0,0.0,0.0037037037037037025,0.0,0.0,0.0,0.0,0.0,0.0,0.0,0.0,0.0,0.0,0.0,0.0
V.........IPYC.....,0.0,0.0,0.0,0.0,0.0,0.0,0.0,0.0,0.0,0.0,0.0,0.0,0.0,0.0,0.0,0.0,0.0,0.0,0.0,0.0,0.0030395136778115493,0.0,0.017543859649122803,0.0,0.0,0.0,0.0,0.0,0.0,0.0,0.0,0.0,0.0,0.0
V.........I.YC.KS..,0.0,0.0,0.0,0.0,0.0,0.0,0.0,0.0,0.0,0.0,0.0,0.0,0.0,0.0,0.0,0.0,0.0,0.0,0.0,0.0,0.0,0.0,0.0,0.037037037037037035,0.0,0.006622516556291388,0.0,0.0,0.0,0.0,0.0,0.0,0.0,0.0
V.........I.YC..S..,0.0,0.0,0.0,0.0,0.0,0.0,0.0,0.0,0.0,0.0,0.0,0.0,0.0,0.0,0.0,0.0,0.0,0.0,0.0,0.0,0.0,0.0,0.011695906432748536,0.02222222222222222,0.0,0.0,0.0,0.0,0.0,0.0,0.0,0.0,0.0,0.0
V.........I.YC.....,0.0,0.0,0.0,0.0,0.0,0.0,0.0,0.0,0.0,0.0,0.007326007326007324,0.009900990099009901,0.0036900369003690036,0.0,0.0,0.002544529262086514,0.010723860589812334,0.024193548387096774,0.02994011976047904,0.031055900621118005,0.03343465045592705,0.04074074074074072,0.08187134502923973,0.0,0.0,0.0,0.0,0.0,0.0,0.0,0.0,0.0,0.0,0.0
V..........PYCDKS..,0.0,0.0,0.0,0.0,0.0,0.0,0.0,0.0,0.0,0.0,0.0,0.0,0.0,0.0,0.0,0.0,0.0,0.0,0.0,0.0,0.0,0.0,0.0,0.01481481481481481,0.0,0.0,0.024390243902439032,0.05263157894736844,0.0,0.0,0.0,0.0,0.0,0.0
V..........PYCDK...,0.0,0.0,0.0,0.0,0.0,0.0,0.0,0.0,0.0,0.0,0.0,0.0,0.0,0.0,0.0,0.0,0.0,0.0,0.0,0.006211180124223602,0.009118541033434648,0.0037037037037037025,0.02923976608187134,0.11111111111111109,0.0,0.0,0.03658536585365855,0.01754385964912281,0.0,0.0,0.0,0.0,0.0,0.0
V......G..IPYCDKS..,0.0,0.0,0.0,0.0,0.0,0.0,0.0,0.0,0.0,0.0,0.0,0.0,0.0,0.0,0.0,0.0,0.0,0.0,0.0,0.0,0.0,0.0,0.0,0.0,0.0,0.0,0.012195121951219516,0.0,0.0,0.0,0.0,0.0,0.0,0.0
V..........PYCD....,0.0,0.0,0.0,0.0,0.0,0.0,0.0,0.0,0.0,0.0,0.0,0.0,0.0,0.0,0.0,0.0,0.0,0.0,0.0,0.0,0.0,0.007407407407407405,0.017543859649122803,0.0,0.0,0.0,0.0,0.0,0.0,0.0,0.0,0.0,0.0,0.0
V..........PYC.K...,0.0,0.0,0.0,0.0,0.0,0.0,0.0,0.0,0.0,0.0,0.0,0.0,0.0,0.0,0.0,0.0,0.0,0.0,0.0,0.0,0.009118541033434648,0.0037037037037037025,0.005847953216374268,0.02222222222222222,0.0,0.0,0.0,0.0,0.0,0.0,0.0,0.0,0.0,0.0
V..........PYC.....,0.0,0.0,0.0,0.0,0.0,0.0,0.0,0.0,0.0,0.0,0.003663003663003663,0.0,0.0,0.0,0.0,0.005089058524173028,0.016085790884718495,0.044354838709677415,0.06886227544910178,0.06832298136645962,0.13981762917933127,0.13703703703703704,0.09356725146198829,0.007407407407407405,0.0,0.0,0.0,0.0,0.0,0.0,0.0,0.0,0.0,0.0
V...........YCDKS..,0.0,0.0,0.0,0.0,0.0,0.0,0.0,0.0,0.0,0.0,0.0,0.0,0.0,0.0,0.0,0.0,0.0,0.0,0.0,0.0,0.0,0.0,0.0,0.007407407407407405,0.0,0.0,0.012195121951219516,0.0,0.0,0.0,0.0,0.0,0.0,0.0
V...........YCDK...,0.0,0.0,0.0,0.0,0.0,0.0,0.0,0.0,0.0,0.0,0.0,0.0,0.0,0.0,0.0,0.0,0.0,0.0,0.0,0.0,0.0030395136778115493,0.007407407407407405,0.0,0.02222222222222222,0.0,0.0,0.0,0.0,0.0,0.0,0.0,0.0,0.0,0.0
V...........YC.KS..,0.0,0.0,0.0,0.0,0.0,0.0,0.0,0.0,0.0,0.0,0.0,0.0,0.0,0.0,0.0,0.002544529262086514,0.0,0.0,0.0,0.0,0.0,0.0,0.0,0.02222222222222222,0.005681818181818182,0.0,0.0,0.0,0.0,0.0,0.0,0.0,0.0,0.0
V...........YC.K...,0.0,0.0,0.0,0.0,0.0,0.0,0.0,0.0,0.0,0.0,0.0,0.0,0.0,0.0,0.0,0.0,0.010723860589812334,0.008064516129032258,0.005988023952095808,0.006211180124223602,0.015197568389057748,0.02962962962962963,0.035087719298245605,0.06666666666666665,0.0,0.0,0.0,0.0,0.0,0.0,0.0,0.0,0.0,0.0
V...........YC..S..,0.0,0.0,0.0,0.0,0.0,0.0,0.0,0.0,0.0,0.0,0.0,0.0,0.0036900369003690036,0.0,0.0,0.002544529262086514,0.0,0.008064516129032258,0.0,0.012422360248447204,0.009118541033434648,0.0037037037037037025,0.005847953216374268,0.01481481481481481,0.0,0.0,0.0,0.0,0.0,0.0,0.0,0.0,0.0,0.0
V......G...PYCDKS..,0.0,0.0,0.0,0.0,0.0,0.0,0.0,0.0,0.0,0.0,0.0,0.0,0.0,0.0,0.0,0.0,0.0,0.0,0.0,0.0,0.0,0.0,0.0,0.0,0.0,0.0,0.012195121951219516,0.008771929824561405,0.0,0.0,0.0,0.0,0.0,0.0
V.....N.E.I.YC.KS.L,0.0,0.0,0.0,0.0,0.0,0.0,0.0,0.0,0.0,0.0,0.0,0.0,0.0,0.0,0.0,0.0,0.0,0.0,0.0,0.0,0.0,0.0,0.0,0.02222222222222222,0.005681818181818182,0.0,0.0,0.0,0.0,0.0,0.0,0.0,0.0,0.0
VI..........YC.KS..,0.0,0.0,0.0,0.0,0.0,0.0,0.0,0.0,0.0,0.0,0.0,0.0,0.0,0.0,0.0,0.0,0.0,0.0,0.0,0.0,0.0,0.0,0.0,0.037037037037037035,0.005681818181818182,0.0,0.012195121951219516,0.008771929824561405,0.0,0.0,0.0,0.0,0.0,0.0
V..S...............,0.0,0.0,0.0,0.0,0.0,0.0,0.0,0.0,0.0,0.0,0.0,0.0,0.0,0.0,0.0,0.0,0.0,0.0,0.0,0.0,0.0,0.0,0.0,0.0,0.0,0.0,0.012195121951219516,0.0,0.0,0.0,0.0,0.0,0.0,0.0
VI..........YC.K...,0.0,0.0,0.0,0.0,0.0,0.0,0.0,0.0,0.0,0.0,0.0,0.0,0.0,0.0,0.0,0.0,0.0,0.0,0.0,0.0,0.0060790273556230985,0.02222222222222222,0.011695906432748536,0.07407407407407407,0.0,0.0,0.0,0.0,0.0,0.0,0.0,0.0,0.0,0.0
VI..........YC.....,0.0,0.0,0.0,0.0,0.0,0.0,0.0,0.0,0.0,0.0106951871657754,0.02197802197802198,0.0049504950495049506,0.007380073800738007,0.0,0.0029411764705882353,0.017811704834605598,0.04289544235924934,0.09274193548387097,0.12275449101796407,0.12422360248447202,0.1337386018237082,0.16666666666666663,0.09356725146198829,0.007407407407407405,0.0,0.0,0.0,0.008771929824561405,0.0,0.0,0.0,0.0,0.003460207612456748,0.0
............Y......,0.0,0.0023866348448687356,0.0,0.0,0.0,0.0,0.0,0.0,0.015209125475285173,0.053475935828877004,0.003663003663003663,0.0049504950495049506,0.0,0.0,0.0,0.0,0.0,0.0,0.0,0.0,0.0,0.0,0.0,0.0,0.0,0.0,0.0,0.0,0.0,0.0,0.0,0.0,0.0,0.0
VI.................,0.0,0.0,0.0,0.0,0.0,0.003389830508474576,0.002392344497607656,0.006944444444444445,0.0,0.0213903743315508,0.007326007326007324,0.0,0.0,0.0,0.0,0.0,0.0,0.0,0.0,0.0,0.0,0.0,0.0,0.0,0.0,0.0,0.012195121951219516,0.026315789473684216,0.0,0.0,0.0,0.0,0.0,0.0
V..SG......PYCDKS..,0.0,0.0,0.0,0.0,0.0,0.0,0.0,0.0,0.0,0.0,0.0,0.0,0.0,0.0,0.0,0.0,0.0,0.0,0.0,0.0,0.0,0.0,0.0,0.0,0.0,0.0,0.024390243902439032,0.0,0.0,0.0,0.0,0.0,0.0,0.0
V..S......I.YC.....,0.0,0.0,0.0,0.0,0.0,0.0,0.0,0.0,0.0,0.0,0.0,0.0,0.0,0.0,0.0,0.0,0.0,0.0,0.0,0.0,0.0030395136778115493,0.0,0.017543859649122803,0.0,0.0,0.0,0.0,0.0,0.0,0.0,0.0,0.0,0.0,0.0
V..S.......PYCDKS..,0.0,0.0,0.0,0.0,0.0,0.0,0.0,0.0,0.0,0.0,0.0,0.0,0.0,0.0,0.0,0.0,0.0,0.0,0.0,0.0,0.0,0.0,0.0,0.0,0.0,0.0,0.012195121951219516,0.0,0.0,0.0,0.0,0.0,0.0,0.0
V..S........YC.....,0.0,0.0,0.0,0.0,0.0,0.0,0.0,0.0,0.0,0.0,0.0,0.0,0.01107011070110701,0.0,0.0,0.0,0.0,0.0,0.0029940119760479035,0.0,0.0060790273556230985,0.033333333333333326,0.06432748538011696,0.0,0.0,0.0,0.0,0.0,0.0,0.0,0.0,0.0,0.0,0.0
V...GD.G...PYCDKS..,0.0,0.0,0.0,0.0,0.0,0.0,0.0,0.0,0.0,0.0,0.0,0.0,0.0,0.0,0.0,0.0,0.0,0.0,0.0,0.0,0.0,0.0,0.0,0.0,0.0,0.0,0.0,0.026315789473684216,0.0,0.0,0.0,0.0,0.0,0.0
V....D......YC.....,0.0,0.0,0.0,0.0,0.0,0.0,0.0,0.0,0.0,0.0053475935828877,0.003663003663003663,0.0,0.0036900369003690036,0.0029154518950437317,0.0,0.002544529262086514,0.0,0.012096774193548387,0.0029940119760479035,0.006211180124223602,0.0030395136778115493,0.018518518518518514,0.011695906432748536,0.0,0.0,0.0,0.0,0.0,0.0,0.0,0.0,0.0,0.0,0.0
V...G..G...PYCDKS.L,0.0,0.0,0.0,0.0,0.0,0.0,0.0,0.0,0.0,0.0,0.0,0.0,0.0,0.0,0.0,0.0,0.0,0.0,0.0,0.0,0.0,0.0,0.0,0.0,0.0,0.0,0.012195121951219516,0.0,0.0,0.0,0.0,0.0,0.0,0.0
V...G..G...PYCDKS..,0.0,0.0,0.0,0.0,0.0,0.0,0.0,0.0,0.0,0.0,0.0,0.0,0.0,0.0,0.0,0.0,0.0,0.0,0.0,0.0,0.0,0.0,0.0,0.0,0.0,0.0,0.0853658536585366,0.05263157894736844,0.0,0.0,0.0,0.0,0.0,0.0
V...G..G....Y..KS..,0.0,0.0,0.0,0.0,0.0,0.0,0.0,0.0,0.0,0.0,0.0,0.0,0.0,0.0,0.0,0.0,0.0,0.0,0.0,0.0,0.0,0.0,0.0,0.0,0.0,0.0,0.012195121951219516,0.0,0.0,0.0,0.0,0.0,0.0,0.0
V...G......PYCDKS.L,0.0,0.0,0.0,0.0,0.0,0.0,0.0,0.0,0.0,0.0,0.0,0.0,0.0,0.0,0.0,0.0,0.0,0.0,0.0,0.0,0.0,0.0,0.0,0.0,0.0,0.0,0.012195121951219516,0.026315789473684216,0.0,0.0,0.0,0.0,0.0,0.0
V...G......PYCDKS..,0.0,0.0,0.0,0.0,0.0,0.0,0.0,0.0,0.0,0.0,0.0,0.0,0.0,0.0,0.0,0.0,0.0,0.0,0.0,0.0,0.0,0.0,0.0,0.0,0.0,0.0,0.13414634146341467,0.28070175438596495,0.0,0.0,0.0,0.0,0.0,0.0
V...G......PYCDK...,0.0,0.0,0.0,0.0,0.0,0.0,0.0,0.0,0.0,0.0,0.0,0.0,0.0,0.0,0.0,0.0,0.0,0.0,0.0,0.0,0.0,0.0,0.0,0.0,0.0,0.0,0.024390243902439032,0.008771929824561405,0.0,0.0,0.0,0.0,0.0,0.0
V...G......PY.DKS..,0.0,0.0,0.0,0.0,0.0,0.0,0.0,0.0,0.0,0.0,0.0,0.0,0.0,0.0,0.0,0.0,0.0,0.0,0.0,0.0,0.0,0.0,0.0,0.0,0.0,0.0,0.012195121951219516,0.0,0.0,0.0,0.0,0.0,0.0,0.0
V...G......PY.DK...,0.0,0.0,0.0,0.0,0.0,0.0,0.0,0.0,0.0,0.0,0.0,0.0,0.0,0.0,0.0,0.0,0.0,0.0,0.0,0.0,0.0,0.0,0.0,0.0,0.0,0.0,0.012195121951219516,0.0,0.0,0.0,0.0,0.0,0.0,0.0
VI............DK..L,0.0,0.0,0.0,0.0,0.0,0.0,0.0,0.0,0.0,0.0,0.0,0.0,0.0,0.0,0.0,0.0,0.0,0.0,0.0,0.0,0.0,0.0,0.0,0.0,0.0,0.0,0.012195121951219516,0.0,0.0,0.0,0.0,0.0,0.0,0.0
