0,1,2,3,4,5,6,7,8,9,10,11,12,13,14,15,16,17,18,19,20,21,22,23,24,25,26,27,28,29,30,31,32,33,Nucleotide and position
0.9977827050997783,0.9976133651551313,0.9975186104218363,0.9950980392156863,0.9935064935064936,0.9627118644067797,0.9330143540669856,0.8611111111111112,0.6501901140684411,0.4919786096256685,0.06959706959706961,0.044554455445544545,0.029520295202952032,0.014577259475218658,0.011764705882352943,0.010178117048346055,0.005361930294906166,0.004032258064516129,0.0,0.0,0.0060790273556231,0.0,0.0,0.0,0.0,0.0,0.04878048780487805,0.14035087719298248,0.003952569169960474,0.0,0.04867256637168141,0.0,0.003460207612456748,0.012121212121212123,. 0
0.0022172949002217295,0.0023866348448687356,0.0024813895781637713,0.004901960784313725,0.006493506493506493,0.03728813559322034,0.06698564593301436,0.13888888888888892,0.3498098859315589,0.5080213903743316,0.9304029304029304,0.9554455445544555,0.9704797047970479,0.9854227405247814,0.9882352941176471,0.989821882951654,0.9946380697050939,0.9959677419354839,1.0,1.0,0.993920972644377,1.0,1.0,1.0,1.0,1.0,0.951219512195122,0.8596491228070176,0.9960474308300395,1.0,0.9513274336283186,1.0,0.9965397923875433,0.9878787878787879,V 0
1.0,1.0,1.0,1.0,1.0,0.9966101694915255,0.9976076555023924,0.9930555555555556,0.9923954372623575,0.9679144385026739,0.9706959706959707,0.9900990099009901,0.992619926199262,1.0,0.9970588235294118,0.9821882951653944,0.9571045576407508,0.8951612903225806,0.8652694610778443,0.8571428571428572,0.8328267477203648,0.7740740740740741,0.8421052631578948,0.4148148148148148,0.017045454545454544,0.006622516556291389,0.5365853658536585,0.649122807017544,0.00790513833992095,0.0,0.04867256637168141,0.0,0.006920415224913497,0.018181818181818184,. 1
0.0,0.0,0.0,0.0,0.0,0.003389830508474576,0.0023923444976076563,0.006944444444444445,0.007604562737642586,0.0320855614973262,0.02930402930402931,0.009900990099009896,0.007380073800738008,0.0,0.0029411764705882357,0.0178117048346056,0.04289544235924934,0.10483870967741936,0.13473053892215567,0.14285714285714285,0.16717325227963528,0.2259259259259259,0.15789473684210528,0.5851851851851851,0.9829545454545455,0.9933774834437086,0.46341463414634143,0.3508771929824561,0.9920948616600791,1.0,0.9513274336283186,1.0,0.9930795847750865,0.9818181818181818,I 1
1.0,1.0,1.0,1.0,1.0,1.0,1.0,1.0,0.9923954372623575,1.0,1.0,1.0,1.0,1.0,1.0,1.0,1.0,1.0,1.0,1.0,1.0,1.0,1.0,0.6296296296296297,0.04545454545454546,0.03311258278145696,0.9756097560975611,0.9824561403508771,0.00790513833992095,0.0,0.030973451327433628,0.0,0.010380622837370243,0.018181818181818184,. 2
0.0,0.0,0.0,0.0,0.0,0.0,0.0,0.0,0.007604562737642587,0.0,0.0,0.0,0.0,0.0,0.0,0.0,0.0,0.0,0.0,0.0,0.0,0.0,0.0,0.37037037037037035,0.9545454545454546,0.9668874172185431,0.024390243902439025,0.017543859649122806,0.9920948616600791,1.0,0.9690265486725664,1.0,0.9896193771626297,0.9818181818181818,W 2
1.0,1.0,1.0,1.0,1.0,1.0,1.0,1.0,0.9961977186311788,1.0,1.0,1.0,0.988929889298893,1.0,1.0,1.0,1.0,1.0,0.9970059880239521,1.0,0.9878419452887538,0.9666666666666667,0.9005847953216374,1.0,1.0,0.9933774834437086,0.9512195121951219,1.0,0.9960474308300395,0.9830508474576272,0.995575221238938,0.6621621621621622,0.05536332179930797,0.13333333333333336,. 3
0.0,0.0,0.0,0.0,0.0,0.0,0.0,0.0,0.003802281368821293,0.0,0.0,0.0,0.01107011070110701,0.0,0.0,0.0,0.0,0.0,0.0029940119760479035,0.0,0.0121580547112462,0.03333333333333333,0.0994152046783626,0.0,0.0,0.006622516556291389,0.048780487804878044,0.0,0.003952569169960474,0.016949152542372888,0.004424778761061947,0.33783783783783783,0.9446366782006921,0.8666666666666667,S 3
1.0,1.0,1.0,1.0,1.0,1.0,1.0,1.0,1.0,1.0,1.0,1.0,1.0,1.0,1.0,1.0,1.0,1.0,1.0,1.0,1.0,1.0,1.0,1.0,1.0,1.0,0.5975609756097561,0.4649122807017544,1.0,1.0,1.0,1.0,1.0,1.0,. 4
0.0,0.0,0.0,0.0,0.0,0.0,0.0,0.0,0.0,0.0,0.0,0.0,0.0,0.0,0.0,0.0,0.0,0.0,0.0,0.0,0.0,0.0,0.0,0.0,0.0,0.0,0.40243902439024387,0.5350877192982456,0.0,0.0,0.0,0.0,0.0,0.0,G 4
1.0,1.0,1.0,1.0,1.0,1.0,1.0,1.0,0.9961977186311788,0.9946524064171123,0.9963369963369964,1.0,0.996309963099631,0.9970845481049562,1.0,0.9974554707379135,1.0,0.9879032258064516,0.9970059880239521,0.9937888198757764,0.9969604863221885,0.9814814814814815,0.9883040935672515,1.0,1.0,1.0,1.0,0.9736842105263157,0.9762845849802372,0.9830508474576272,1.0,0.7702702702702703,0.15570934256055363,0.12727272727272726,. 5
0.0,0.0,0.0,0.0,0.0,0.0,0.0,0.0,0.003802281368821293,0.0053475935828877,0.003663003663003664,0.0,0.003690036900369004,0.0029154518950437313,0.0,0.002544529262086514,0.0,0.012096774193548388,0.0029940119760479035,0.006211180124223603,0.00303951367781155,0.018518518518518517,0.011695906432748539,0.0,0.0,0.0,0.0,0.02631578947368421,0.02371541501976284,0.016949152542372888,0.0,0.22972972972972977,0.8442906574394463,0.8727272727272728,D 5
1.0,1.0,1.0,1.0,1.0,1.0,1.0,1.0,0.9923954372623575,1.0,1.0,1.0,1.0,1.0,1.0,1.0,1.0,1.0,1.0,1.0,1.0,1.0,1.0,0.8518518518518519,0.09090909090909093,0.01986754966887417,0.9512195121951219,0.9824561403508771,0.00790513833992095,0.0,0.01327433628318584,0.0,0.010380622837370243,0.018181818181818184,. 6
0.0,0.0,0.0,0.0,0.0,0.0,0.0,0.0,0.007604562737642587,0.0,0.0,0.0,0.0,0.0,0.0,0.0,0.0,0.0,0.0,0.0,0.0,0.0,0.0,0.14814814814814814,0.9090909090909091,0.9801324503311258,0.048780487804878044,0.017543859649122806,0.9920948616600791,1.0,0.9867256637168141,1.0,0.9896193771626297,0.9818181818181818,N 6
1.0,1.0,1.0,1.0,1.0,1.0,1.0,1.0,0.9961977186311787,1.0,1.0,1.0,1.0,1.0,1.0,1.0,1.0,1.0,1.0,1.0,1.0,1.0,1.0,1.0,1.0,1.0,0.8048780487804877,0.8508771929824561,0.41106719367588934,0.9050847457627119,0.9513274336283186,0.5202702702702703,0.024221453287197235,0.10303030303030304,. 7
0.0,0.0,0.0,0.0,0.0,0.0,0.0,0.0,0.003802281368821293,0.0,0.0,0.0,0.0,0.0,0.0,0.0,0.0,0.0,0.0,0.0,0.0,0.0,0.0,0.0,0.0,0.0,0.19512195121951217,0.14912280701754388,0.5889328063241107,0.09491525423728814,0.048672566371681415,0.47972972972972977,0.9757785467128027,0.896969696969697,G 7
1.0,1.0,1.0,1.0,1.0,1.0,1.0,1.0,0.9923954372623575,1.0,1.0,1.0,1.0,1.0,1.0,1.0,1.0,1.0,1.0,1.0,1.0,1.0,1.0,0.888888888888889,0.17613636363636365,0.09271523178807947,0.951219512195122,0.9824561403508771,0.00790513833992095,0.0033898305084745775,0.01327433628318584,0.0,0.010380622837370243,0.018181818181818184,. 8
0.0,0.0,0.0,0.0,0.0,0.0,0.0,0.0,0.007604562737642587,0.0,0.0,0.0,0.0,0.0,0.0,0.0,0.0,0.0,0.0,0.0,0.0,0.0,0.0,0.11111111111111109,0.8238636363636365,0.9072847682119205,0.04878048780487805,0.017543859649122806,0.9920948616600791,0.9966101694915255,0.9867256637168142,1.0,0.9896193771626297,0.9818181818181818,E 8
1.0,1.0,1.0,1.0,1.0,1.0,1.0,1.0,0.9961977186311787,1.0,1.0,0.9950495049504952,1.0,1.0,1.0,1.0,1.0,0.9959677419354839,0.9880239520958084,1.0,1.0,0.9962962962962963,1.0,1.0,0.9772727272727272,0.9933774834437086,1.0,1.0,0.7312252964426877,0.19322033898305085,0.1327433628318584,0.8513513513513514,0.9965397923875432,0.9454545454545454,. 9
0.0,0.0,0.0,0.0,0.0,0.0,0.0,0.0,0.003802281368821293,0.0,0.0,0.00495049504950495,0.0,0.0,0.0,0.0,0.0,0.00403225806451613,0.011976047904191614,0.0,0.0,0.0037037037037037034,0.0,0.0,0.022727272727272724,0.00662251655629139,0.0,0.0,0.2687747035573122,0.8067796610169491,0.8672566371681416,0.14864864864864866,0.003460207612456748,0.054545454545454536,R 9
1.0,1.0,1.0,1.0,1.0,1.0,1.0,1.0,0.9923954372623575,1.0,0.9926739926739927,0.9851485148514852,0.996309963099631,1.0,1.0,0.9974554707379135,0.9892761394101878,0.967741935483871,0.9610778443113772,0.9627329192546584,0.9574468085106383,0.9444444444444444,0.8596491228070176,0.5407407407407407,0.022727272727272724,0.0,0.9146341463414633,0.9824561403508771,0.00790513833992095,0.0,0.01327433628318584,0.0,0.010380622837370243,0.018181818181818184,. 10
0.0,0.0,0.0,0.0,0.0,0.0,0.0,0.0,0.007604562737642586,0.0,0.007326007326007324,0.014851485148514847,0.003690036900369004,0.0,0.0,0.002544529262086514,0.010723860589812334,0.03225806451612903,0.03892215568862275,0.037267080745341616,0.042553191489361715,0.05555555555555554,0.14035087719298248,0.4592592592592593,0.9772727272727272,1.0,0.08536585365853656,0.017543859649122806,0.9920948616600791,1.0,0.9867256637168142,1.0,0.9896193771626297,0.9818181818181818,I 10
1.0,1.0,1.0,1.0,1.0,1.0,1.0,1.0,1.0,1.0,0.9963369963369964,1.0,1.0,1.0,1.0,0.9949109414758269,0.9839142091152816,0.9516129032258065,0.9281437125748503,0.9130434782608696,0.817629179331307,0.825925925925926,0.8128654970760234,0.7629629629629631,1.0,1.0,0.2317073170731707,0.2368421052631579,1.0,1.0,0.995575221238938,1.0,1.0,1.0,. 11
0.0,0.0,0.0,0.0,0.0,0.0,0.0,0.0,0.0,0.0,0.003663003663003664,0.0,0.0,0.0,0.0,0.005089058524173028,0.016085790884718495,0.048387096774193554,0.07185628742514968,0.08695652173913043,0.182370820668693,0.17407407407407408,0.18713450292397657,0.23703703703703705,0.0,0.0,0.7682926829268293,0.763157894736842,0.0,0.0,0.004424778761061947,0.0,0.0,0.0,P 11
1.0,0.9976133651551313,1.0,1.0,1.0,1.0,1.0,0.9861111111111112,0.9277566539923954,0.6951871657754011,0.19780219780219782,0.1287128712871287,0.05166051660516605,0.0,0.0,0.002544529262086514,0.0,0.0,0.0,0.0,0.0,0.0,0.0,0.0,0.0,0.0,0.06097560975609755,0.15789473684210528,0.00790513833992095,0.0,0.008849557522123894,0.0,0.003460207612456748,0.012121212121212123,. 12
0.0,0.0023866348448687356,0.0,0.0,0.0,0.0,0.0,0.01388888888888889,0.07224334600760458,0.3048128342245989,0.8021978021978022,0.8712871287128713,0.948339483394834,1.0,1.0,0.9974554707379135,1.0,1.0,1.0,1.0,1.0,1.0,1.0,1.0,1.0,1.0,0.9390243902439024,0.8421052631578947,0.9920948616600791,1.0,0.9911504424778761,1.0,0.9965397923875433,0.9878787878787879,Y 12
1.0,1.0,1.0,1.0,1.0,1.0,1.0,0.9861111111111112,0.935361216730038,0.7700534759358288,0.21245421245421248,0.13366336633663362,0.059040590405904064,0.020408163265306124,0.011764705882352943,0.020356234096692117,0.008042895442359248,0.02016129032258065,0.02395209580838323,0.012422360248447206,0.0121580547112462,0.0037037037037037034,0.011695906432748539,0.0,0.0,0.0,0.10975609756097562,0.15789473684210528,0.02766798418972332,0.0,0.008849557522123894,0.0,0.003460207612456748,0.012121212121212123,. 13
0.0,0.0,0.0,0.0,0.0,0.0,0.0,0.01388888888888889,0.06463878326996199,0.22994652406417115,0.7875457875457876,0.8663366336633663,0.940959409594096,0.979591836734694,0.9882352941176471,0.9796437659033079,0.9919571045576409,0.9798387096774194,0.9760479041916168,0.9875776397515528,0.9878419452887538,0.9962962962962963,0.9883040935672515,1.0,1.0,1.0,0.8902439024390244,0.8421052631578947,0.9723320158102767,1.0,0.9911504424778761,1.0,0.9965397923875433,0.9878787878787879,C 13
1.0,1.0,1.0,1.0,1.0,1.0,1.0,1.0,1.0,1.0,1.0,1.0,1.0,1.0,1.0,1.0,1.0,1.0,1.0,0.9937888198757764,0.9878419452887538,0.9814814814814815,0.9473684210526316,0.7703703703703705,1.0,1.0,0.19512195121951217,0.2368421052631579,1.0,1.0,1.0,1.0,1.0,1.0,. 14
0.0,0.0,0.0,0.0,0.0,0.0,0.0,0.0,0.0,0.0,0.0,0.0,0.0,0.0,0.0,0.0,0.0,0.0,0.0,0.006211180124223603,0.0121580547112462,0.018518518518518517,0.052631578947368425,0.22962962962962963,0.0,0.0,0.8048780487804879,0.763157894736842,0.0,0.0,0.0,0.0,0.0,0.0,D 14
1.0,1.0,1.0,1.0,1.0,1.0,1.0,1.0,0.9923954372623575,1.0,1.0,1.0,1.0,1.0,1.0,0.9974554707379135,0.9892761394101878,0.9919354838709677,0.9940119760479041,0.9875776397515528,0.9574468085106383,0.9333333333333333,0.912280701754386,0.0962962962962963,0.0,0.0,0.04878048780487805,0.16666666666666669,0.00790513833992095,0.0,0.01327433628318584,0.0,0.010380622837370243,0.018181818181818184,. 15
0.0,0.0,0.0,0.0,0.0,0.0,0.0,0.0,0.007604562737642586,0.0,0.0,0.0,0.0,0.0,0.0,0.002544529262086514,0.010723860589812334,0.008064516129032258,0.005988023952095808,0.012422360248447206,0.04255319148936171,0.06666666666666665,0.08771929824561403,0.9037037037037037,1.0,1.0,0.9512195121951219,0.8333333333333333,0.9920948616600791,1.0,0.9867256637168142,1.0,0.9896193771626297,0.9818181818181818,K 15
1.0,1.0,1.0,1.0,1.0,1.0,1.0,1.0,0.9923954372623575,1.0,1.0,1.0,0.996309963099631,1.0,1.0,0.994910941475827,1.0,0.9919354838709677,1.0,0.9875776397515528,0.9908814589665653,0.9962962962962963,0.9824561403508772,0.4296296296296297,0.01136363636363636,0.0,0.3902439024390244,0.30701754385964913,0.007905138339920948,0.0,0.01327433628318584,0.0,0.010380622837370243,0.018181818181818184,. 16
0.0,0.0,0.0,0.0,0.0,0.0,0.0,0.0,0.007604562737642586,0.0,0.0,0.0,0.003690036900369004,0.0,0.0,0.005089058524173028,0.0,0.008064516129032258,0.0,0.012422360248447204,0.009118541033434652,0.003703703703703703,0.01754385964912281,0.5703703703703703,0.9886363636363635,1.0,0.6097560975609756,0.6929824561403509,0.9920948616600791,1.0,0.9867256637168142,1.0,0.9896193771626297,0.9818181818181818,S 16
1.0,1.0,1.0,1.0,1.0,1.0,1.0,1.0,1.0,1.0,1.0,1.0,1.0,1.0,1.0,1.0,1.0,1.0,1.0,1.0,1.0,1.0,1.0,1.0,1.0,1.0,0.9878048780487806,1.0,0.8735177865612649,0.3932203389830508,0.3584070796460177,0.9054054054054055,1.0,0.9454545454545454,. 17
0.0,0.0,0.0,0.0,0.0,0.0,0.0,0.0,0.0,0.0,0.0,0.0,0.0,0.0,0.0,0.0,0.0,0.0,0.0,0.0,0.0,0.0,0.0,0.0,0.0,0.0,0.012195121951219513,0.0,0.1264822134387352,0.6067796610169491,0.6415929203539824,0.0945945945945946,0.0,0.054545454545454536,K 17
1.0,1.0,1.0,1.0,1.0,1.0,1.0,1.0,0.9923954372623575,1.0,1.0,1.0,1.0,1.0,1.0,1.0,1.0,1.0,1.0,1.0,1.0,1.0,1.0,0.8592592592592593,0.1875,0.09933774834437087,0.8780487804878048,0.9736842105263157,0.00790513833992095,0.0033898305084745775,0.01327433628318584,0.0,0.010380622837370243,0.018181818181818184,. 18
0.0,0.0,0.0,0.0,0.0,0.0,0.0,0.0,0.007604562737642586,0.0,0.0,0.0,0.0,0.0,0.0,0.0,0.0,0.0,0.0,0.0,0.0,0.0,0.0,0.14074074074074075,0.8125000000000001,0.9006622516556292,0.12195121951219512,0.02631578947368421,0.9920948616600791,0.9966101694915255,0.9867256637168142,1.0,0.9896193771626297,0.9818181818181818,L 18
