0,1,2,3,4,5,6,7,8,9,10,11,12,13,14,15,16,17,18,19,20,22,24,26,28,30,32,34,36,38,40,42,44,46,Symbols and linkage group index
0.997782705,0.997613365,0.99751861,0.995098039,0.993506494,0.962711864,0.933014354,0.861111111,0.650190114,0.49197861,0.06959707,0.044554455,0.029520295,0.014577259,0.011764706,0.010178117,0.00536193,0.004032258,0,0,0.006079027,0,0,0,0,0,0.048780488,0.140350877,0.003952569,0,0.048672566,0,0.003460208,0.012121212,. 0
0.002217295,0.002386635,0.00248139,0.004901961,0.006493506,0.037288136,0.066985646,0.138888889,0.349809886,0.50802139,0.93040293,0.955445545,0.970479705,0.985422741,0.988235294,0.989821883,0.99463807,0.995967742,1,1,0.993920973,1,1,1,1,1,0.951219512,0.859649123,0.996047431,1,0.951327434,1,0.996539792,0.987878788,V 0
1,1,1,1,1,0.996610169,0.997607656,0.993055556,0.992395437,0.967914439,0.970695971,0.99009901,0.992619926,1,0.997058824,0.982188295,0.957104558,0.89516129,0.865269461,0.857142857,0.832826748,0.774074074,0.842105263,0.414814815,0.017045455,0.006622517,0.536585366,0.649122807,0.007905138,0,0.048672566,0,0.006920415,0.018181818,. 1
0,0,0,0,0,0.003389831,0.002392344,0.006944444,0.007604563,0.032085561,0.029304029,0.00990099,0.007380074,0,0.002941176,0.017811705,0.042895442,0.10483871,0.134730539,0.142857143,0.167173252,0.225925926,0.157894737,0.585185185,0.982954545,0.993377483,0.463414634,0.350877193,0.992094862,1,0.951327434,1,0.993079585,0.981818182,I 1
1,1,1,1,1,1,1,1,0.992395437,1,1,1,1,1,1,1,1,1,1,1,1,1,1,0.62962963,0.045454545,0.033112583,0.975609756,0.98245614,0.007905138,0,0.030973451,0,0.010380623,0.018181818,. 2
0,0,0,0,0,0,0,0,0.007604563,0,0,0,0,0,0,0,0,0,0,0,0,0,0,0.37037037,0.954545455,0.966887417,0.024390244,0.01754386,0.992094862,1,0.969026549,1,0.989619377,0.981818182,W 2
1,1,1,1,1,1,1,1,0.996197719,1,1,1,0.988929889,1,1,1,1,1,0.997005988,1,0.987841945,0.966666667,0.900584795,1,1,0.993377483,0.951219512,1,0.996047431,0.983050847,0.995575221,0.662162162,0.055363322,0.133333333,. 3
0,0,0,0,0,0,0,0,0.003802281,0,0,0,0.011070111,0,0,0,0,0,0.002994012,0,0.012158055,0.033333333,0.099415205,0,0,0.006622517,0.048780488,0,0.003952569,0.016949153,0.004424779,0.337837838,0.944636678,0.866666667,S 3
1,1,1,1,1,1,1,1,1,1,1,1,1,1,1,1,1,1,1,1,1,1,1,1,1,1,0.597560976,0.464912281,1,1,1,1,1,1,. 4
0,0,0,0,0,0,0,0,0,0,0,0,0,0,0,0,0,0,0,0,0,0,0,0,0,0,0.402439024,0.535087719,0,0,0,0,0,0,G 4
1,1,1,1,1,1,1,1,0.996197719,0.994652406,0.996336996,1,0.996309963,0.997084548,1,0.997455471,1,0.987903226,0.997005988,0.99378882,0.996960486,0.981481481,0.988304094,1,1,1,1,0.973684211,0.976284585,0.983050847,1,0.77027027,0.155709343,0.127272727,. 5
0,0,0,0,0,0,0,0,0.003802281,0.005347594,0.003663004,0,0.003690037,0.002915452,0,0.002544529,0,0.012096774,0.002994012,0.00621118,0.003039514,0.018518519,0.011695906,0,0,0,0,0.026315789,0.023715415,0.016949153,0,0.22972973,0.844290657,0.872727273,D 5
1,1,1,1,1,1,1,1,0.992395437,1,1,1,1,1,1,1,1,1,1,1,1,1,1,0.851851852,0.090909091,0.01986755,0.951219512,0.98245614,0.007905138,0,0.013274336,0,0.010380623,0.018181818,. 6
0,0,0,0,0,0,0,0,0.007604563,0,0,0,0,0,0,0,0,0,0,0,0,0,0,0.148148148,0.909090909,0.98013245,0.048780488,0.01754386,0.992094862,1,0.986725664,1,0.989619377,0.981818182,N 6
1,1,1,1,1,1,1,1,0.996197719,1,1,1,1,1,1,1,1,1,1,1,1,1,1,1,1,1,0.804878049,0.850877193,0.411067194,0.905084746,0.951327434,0.52027027,0.024221453,0.103030303,. 7
0,0,0,0,0,0,0,0,0.003802281,0,0,0,0,0,0,0,0,0,0,0,0,0,0,0,0,0,0.195121951,0.149122807,0.588932806,0.094915254,0.048672566,0.47972973,0.975778547,0.896969697,G 7
1,1,1,1,1,1,1,1,0.992395437,1,1,1,1,1,1,1,1,1,1,1,1,1,1,0.888888889,0.176136364,0.092715232,0.951219512,0.98245614,0.007905138,0.003389831,0.013274336,0,0.010380623,0.018181818,. 8
0,0,0,0,0,0,0,0,0.007604563,0,0,0,0,0,0,0,0,0,0,0,0,0,0,0.111111111,0.823863636,0.907284768,0.048780488,0.01754386,0.992094862,0.996610169,0.986725664,1,0.989619377,0.981818182,E 8
1,1,1,1,1,1,1,1,0.996197719,1,1,0.995049505,1,1,1,1,1,0.995967742,0.988023952,1,1,0.996296296,1,1,0.977272727,0.993377483,1,1,0.731225296,0.193220339,0.132743363,0.851351351,0.996539792,0.945454545,. 9
0,0,0,0,0,0,0,0,0.003802281,0,0,0.004950495,0,0,0,0,0,0.004032258,0.011976048,0,0,0.003703704,0,0,0.022727273,0.006622517,0,0,0.268774704,0.806779661,0.867256637,0.148648649,0.003460208,0.054545455,R 9
1,1,1,1,1,1,1,1,0.992395437,1,0.992673993,0.985148515,0.996309963,1,1,0.997455471,0.989276139,0.967741935,0.961077844,0.962732919,0.957446809,0.944444444,0.859649123,0.540740741,0.022727273,0,0.914634146,0.98245614,0.007905138,0,0.013274336,0,0.010380623,0.018181818,. 10
0,0,0,0,0,0,0,0,0.007604563,0,0.007326007,0.014851485,0.003690037,0,0,0.002544529,0.010723861,0.032258065,0.038922156,0.037267081,0.042553191,0.055555556,0.140350877,0.459259259,0.977272727,1,0.085365854,0.01754386,0.992094862,1,0.986725664,1,0.989619377,0.981818182,I 10
1,1,1,1,1,1,1,1,1,1,0.996336996,1,1,1,1,0.994910941,0.983914209,0.951612903,0.928143713,0.913043478,0.817629179,0.825925926,0.812865497,0.762962963,1,1,0.231707317,0.236842105,1,1,0.995575221,1,1,1,. 11
0,0,0,0,0,0,0,0,0,0,0.003663004,0,0,0,0,0.005089059,0.016085791,0.048387097,0.071856287,0.086956522,0.182370821,0.174074074,0.187134503,0.237037037,0,0,0.768292683,0.763157895,0,0,0.004424779,0,0,0,P 11
1,0.997613365,1,1,1,1,1,0.986111111,0.927756654,0.695187166,0.197802198,0.128712871,0.051660517,0,0,0.002544529,0,0,0,0,0,0,0,0,0,0,0.06097561,0.157894737,0.007905138,0,0.008849558,0,0.003460208,0.012121212,. 12
0,0.002386635,0,0,0,0,0,0.013888889,0.072243346,0.304812834,0.802197802,0.871287129,0.948339483,1,1,0.997455471,1,1,1,1,1,1,1,1,1,1,0.93902439,0.842105263,0.992094862,1,0.991150442,1,0.996539792,0.987878788,Y 12
1,1,1,1,1,1,1,0.986111111,0.935361217,0.770053476,0.212454212,0.133663366,0.05904059,0.020408163,0.011764706,0.020356234,0.008042895,0.02016129,0.023952096,0.01242236,0.012158055,0.003703704,0.011695906,0,0,0,0.109756098,0.157894737,0.027667984,0,0.008849558,0,0.003460208,0.012121212,. 13
0,0,0,0,0,0,0,0.013888889,0.064638783,0.229946524,0.787545788,0.866336634,0.94095941,0.979591837,0.988235294,0.979643766,0.991957105,0.97983871,0.976047904,0.98757764,0.987841945,0.996296296,0.988304094,1,1,1,0.890243902,0.842105263,0.972332016,1,0.991150442,1,0.996539792,0.987878788,C 13
1,1,1,1,1,1,1,1,1,1,1,1,1,1,1,1,1,1,1,0.99378882,0.987841945,0.981481481,0.947368421,0.77037037,1,1,0.195121951,0.236842105,1,1,1,1,1,1,. 14
0,0,0,0,0,0,0,0,0,0,0,0,0,0,0,0,0,0,0,0.00621118,0.012158055,0.018518519,0.052631579,0.22962963,0,0,0.804878049,0.763157895,0,0,0,0,0,0,D 14
1,1,1,1,1,1,1,1,0.992395437,1,1,1,1,1,1,0.997455471,0.989276139,0.991935484,0.994011976,0.98757764,0.957446809,0.933333333,0.912280702,0.096296296,0,0,0.048780488,0.166666667,0.007905138,0,0.013274336,0,0.010380623,0.018181818,. 15
0,0,0,0,0,0,0,0,0.007604563,0,0,0,0,0,0,0.002544529,0.010723861,0.008064516,0.005988024,0.01242236,0.042553191,0.066666667,0.087719298,0.903703704,1,1,0.951219512,0.833333333,0.992094862,1,0.986725664,1,0.989619377,0.981818182,K 15
1,1,1,1,1,1,1,1,0.992395437,1,1,1,0.996309963,1,1,0.994910941,1,0.991935484,1,0.98757764,0.990881459,0.996296296,0.98245614,0.42962963,0.011363636,0,0.390243902,0.307017544,0.007905138,0,0.013274336,0,0.010380623,0.018181818,. 16
0,0,0,0,0,0,0,0,0.007604563,0,0,0,0.003690037,0,0,0.005089059,0,0.008064516,0,0.01242236,0.009118541,0.003703704,0.01754386,0.57037037,0.988636364,1,0.609756098,0.692982456,0.992094862,1,0.986725664,1,0.989619377,0.981818182,S 16
1,1,1,1,1,1,1,1,1,1,1,1,1,1,1,1,1,1,1,1,1,1,1,1,1,1,0.987804878,1,0.873517787,0.393220339,0.35840708,0.905405405,1,0.945454545,. 17
0,0,0,0,0,0,0,0,0,0,0,0,0,0,0,0,0,0,0,0,0,0,0,0,0,0,0.012195122,0,0.126482213,0.606779661,0.64159292,0.094594595,0,0.054545455,K 17
1,1,1,1,1,1,1,1,0.992395437,1,1,1,1,1,1,1,1,1,1,1,1,1,1,0.859259259,0.1875,0.099337748,0.87804878,0.973684211,0.007905138,0.003389831,0.013274336,0,0.010380623,0.018181818,. 18
0,0,0,0,0,0,0,0,0.007604563,0,0,0,0,0,0,0,0,0,0,0,0,0,0,0.140740741,0.8125,0.900662252,0.12195122,0.026315789,0.992094862,0.996610169,0.986725664,1,0.989619377,0.981818182,L 18
