Nucleotide and position,0,1,2,3,4,5,6,7,8,9,10,11,12,13,14,15,16,17,18,19,20,21,22,23,24,25,26,27,28,29,30,31,32,33
.. 0,0.9965126884489512,0.9908729230049146,0.9911901203492488,0.9885526737111752,0.9815723094170404,0.944843124165554,0.9054578375581996,0.8169257340241797,0.5982661392138708,0.4560847379001082,0.09298355194669998,0.0648989898989899,0.03012728392527202,0.002576185988061577,0.0039531941808981655,0.003101290358309797,0.002612876254180602,0.00423728813559322,0.002356125927411269,0.0026539278131634822,0.002208337821824841,0.002219208482307977,0.0011555193039695484,0.0010834823121512538,0.0003678724708767627,0.0010255358424776943,0.047890202949335665,0.022119445003016287,0.00033856223902494067,0.004390525707683421,0.07991866411978557,0.0002586519062645492,0.0006060197966466903,0.012944983818770229
V. 0,0.0013949246204195507,0.004212497074654809,0.004719578384330999,0.007684918347742555,0.014503923766816144,0.048230974632843794,0.08419555095706156,0.16515544041450778,0.3558623011531016,0.4901036029070666,0.8647928378097023,0.9114267676767676,0.954783412030384,0.9942821237825952,0.9880613535736876,0.9776817854571634,0.9348871237458194,0.886748844375963,0.8756266292360136,0.8561571125265393,0.8183776796294301,0.8039699173961287,0.8266041326808048,0.4602632862018528,0.06284488044144698,0.027689467746897758,0.4658344283837057,0.6269857229036798,0.0055298499040740325,0.019757365684575392,0.007332552837513094,0.0025865190626454923,0.003636118779880143,0.006951935754524751
.I 0,0.0013949246204195507,0.0035104142288790077,0.00306772594981515,0.002961895613192443,0.0032931614349775784,0.0034212283044058748,0.004267977237454735,0.004173862982153138,0.003703391970372864,0.002319468068656255,0.00033312513012700393,0.00012626262626262626,0.00015397249024840895,0.0,7.906388361796332e-05,5.53801849698178e-05,0.0003135451505016722,0.0,0.00020052135552436334,0.0004825323296660877,0.0006463427771194657,0.0005548021205769941,0.0002718868950516585,0.0005417411560756269,0.002329858982219497,0.0016408573479643116,0.0012410570886260768,0.0006032575909913532,0.0029342060715494864,0.0016175621028307336,0.002587959825004621,0.0032590140189333195,0.002491414719547505,0.0010787486515641855
VI 0,0.0006974623102097753,0.0014041656915516028,0.00102257531660505,0.0008005123278898495,0.0006306053811659193,0.003504672897196261,0.006078634247284015,0.01374496257915947,0.04216816766265466,0.051492191124168855,0.041890485113470745,0.0235479797979798,0.014935331554095668,0.003141690229343387,0.007906388361796331,0.019161543999556958,0.06218645484949833,0.10901386748844376,0.12181672348105073,0.14070642733063116,0.17876763977162555,0.19325607200098632,0.171968461120174,0.5381114903299203,0.9344573881054568,0.9696441390626602,0.4850343115783326,0.3502915745023125,0.9911973817853516,0.9742345465049104,0.9101608232176968,0.9938958150121566,0.9932664467039256,0.9790243317751408
. 1,0.9975311292400172,0.9966782104742384,0.997605559773404,0.9974171128017282,0.997445842399016,0.9960843373493976,0.9960931630353118,0.9969821402067977,0.9977175304793184,0.9980217606330366,0.9973337823805114,0.9972021066491112,0.9975226232666964,0.9981510927042118,0.9975005680527153,0.9964822901504125,0.9970683668241588,0.994330262225372,0.9964745725072174,0.9969487756315776,0.9964318710376248,0.9947224469355522,0.986356487069754,0.6541932984698818,0.160890220961005,0.10639665702346512,0.9016082856180532,0.9187901498929336,0.08181867801975874,0.08990355635925258,0.14915584852357572,0.07555653637141044,0.08144036228179095,0.10039297556183224
W 1,0.002468870759982825,0.003321789525761538,0.0023944402265958066,0.0025828871982718138,0.0025541576009838235,0.00391566265060241,0.003906836964688205,0.0030178597932023947,0.0022824695206814013,0.0019782393669634025,0.002666217619488648,0.0027978933508887426,0.002477376733303513,0.0018489072957881888,0.002499431947284708,0.003517709849587579,0.0029316331758410656,0.0056697377746279245,0.003525427492782589,0.0030512243684224136,0.0035681289623753546,0.005277553064447783,0.013643512930246168,0.34580670153011817,0.8391097790389951,0.8936033429765349,0.09839171438194677,0.08120985010706637,0.9181813219802412,0.9100964436407476,0.8508441514764243,0.9244434636285896,0.9185596377182091,0.8996070244381678
. 2,0.9991037418776608,0.998832321345166,0.9988726042841036,0.9985620187401428,0.9971869240469492,0.9952174788562224,0.9943422913719944,0.9932145447011292,0.9914028463549229,0.9865257048092868,0.9809419094740699,0.9830251342818483,0.988005330964016,0.9989204080113172,0.9981526809218122,0.9979227010737588,0.9964380879873838,0.9957521840185942,0.9924155695477962,0.9892148515106948,0.9806342604626982,0.9192494953093456,0.8457672304532144,0.9929718447842568,0.9980267201500986,0.9963714234727262,0.9351934051997464,0.9783874097229708,0.983617945007236,0.9823657249301461,0.98978087845141,0.6760072705240836,0.03443967991356316,0.15137641603568702
S 2,0.0008962581223392338,0.0011676786548341894,0.0011273957158962795,0.0014379812598571296,0.0028130759530507325,0.004782521143777688,0.005657708628005658,0.006785455298870817,0.008597153645076967,0.0134742951907131,0.01905809052593,0.016974865718151627,0.011994669035984009,0.0010795919886828977,0.00184731907818778,0.0020772989262412595,0.0035619120126162383,0.004247815981405787,0.007584430452203778,0.01078514848930516,0.019365739537301797,0.08075050469065431,0.15423276954678555,0.007028155215743068,0.001973279849901336,0.0036285765272738094,0.06480659480025365,0.021612590277029213,0.01638205499276411,0.017634275069854082,0.010219121548589958,0.3239927294759164,0.9655603200864368,0.8486235839643129
. 3,0.9988627400627328,0.9984868015468252,0.9978382013835512,0.9979941524444144,0.9981186289936376,0.9977796381902232,0.9973368841544608,0.9972594730880258,0.9971221871377752,0.9977318548387096,0.996421931455432,0.9968895800933126,0.997280534351145,0.9989858675739336,0.9989410231345716,0.9985106331030104,0.9986793213054572,0.9981568033704168,0.9986756621689156,0.9983991462113126,0.9985008258162876,0.9977210949726806,0.9973840536269006,0.99655949697473,0.9984371511498102,0.9981562958307144,0.5996327467482785,0.36995388722595257,0.9968981048695504,0.9914710599212712,0.9968272956596363,0.9984598030283308,0.9986093983680108,0.9982229479852072
G 3,0.0011372599372672745,0.0015131984531749144,0.0021617986164488854,0.002005847555585776,0.0018813710063624548,0.002220361809776872,0.0026631158455392807,0.002740526911974276,0.002877812862224709,0.002268145161290323,0.0035780685445680007,0.0031104199066874032,0.0027194656488549623,0.001014132426066475,0.0010589768654284783,0.0014893668969895256,0.0013206786945426869,0.001843196629583306,0.0013243378310844578,0.0016008537886873,0.0014991741837123618,0.002278905027319404,0.0026159463730993514,0.0034405030252699013,0.0015628488501897744,0.0018437041692855648,0.4003672532517215,0.6300461127740474,0.0031018951304495625,0.008528940078728677,0.003172704340363561,0.001540196971669053,0.0013906016319890852,0.0017770520147927574
.. 4,0.9967829432914904,0.9948770491803278,0.9942872687704026,0.9943336939164478,0.9949918406392436,0.9944109346466714,0.9921302874631108,0.993368281437504,0.9916334400941238,0.991879185069098,0.9917399771674166,0.9938151894753394,0.9930083979587736,0.9955851036202149,0.9938401048492792,0.9936990932841556,0.9912433108624644,0.9887979738944088,0.9899375571729706,0.9910000629366228,0.98751185583307,0.9862222016736788,0.9814796073271936,0.7732718894009216,0.22099850479559466,0.11181891273424456,0.8825707363898158,0.8331901840490797,0.023409289005105215,0.037435657463734215,0.09012483928497368,0.01713050526884626,0.0024983146290201053,0.01455189405605174
.N 4,0.0015139090392985554,0.003353204172876304,0.0035364526659412408,0.003245248029670839,0.002363401046649035,0.0023795030712190804,0.0026232375122964263,0.002463209751784248,0.0037257337080854962,0.0034192904972218264,0.0033577328587737557,0.0022537868861051413,0.0024108972555952905,0.0019217784241416921,0.0025557011795543905,0.002458890425695405,0.0030926402112725,0.003993765828949932,0.0022670325736785586,0.0024545282900119577,0.0028058804932026555,0.003513800915437607,0.010322841817629795,0.20844854070660526,0.7750264395900952,0.884593976127157,0.09708826621566027,0.06404907975460122,0.9457103723073093,0.9285602870067072,0.9031562357430218,0.7237503377465551,0.1232898441527541,0.1565291037881121
D. 4,0.001576988582602662,0.0017697466467958274,0.0019949220166848025,0.0024210580538814195,0.002532215407123966,0.002822201317027281,0.005027871898568149,0.004105349586307081,0.004575462448526048,0.0047015244336800115,0.004767980659458733,0.0038786099900414072,0.004500341543777876,0.002077598296369397,0.003211009174311927,0.0038420162901490703,0.0056293001598443256,0.00720826027664134,0.0077954102533508325,0.006482472150544402,0.009603224786595005,0.009755420962596514,0.008096346523631212,0.01651305683563748,0.000911710003282156,0.0005566206939204651,0.01832975270832381,0.09478527607361964,0.0004980699788320259,0.0018327873966619871,0.0004147484550620049,0.0032964063766549576,0.009794979577269302,0.010933169079149985
DN 4,0.00012615908660821296,0.0,0.0001813565469713457,0.0,0.00011254290698328738,0.0003873609650821759,0.00021860312602470212,6.315922440472429e-05,6.536374926465782e-05,0.0,0.00013430931435095024,5.241364851407306e-05,8.036324185317635e-05,0.0004155196592738794,0.0003931847968545216,0.0,3.474876641879213e-05,0.0,0.0,6.293662282081945e-05,7.903888713246918e-05,0.0005085764482870219,0.00010120433154539014,0.0017665130568356375,0.003063345611028044,0.003030490444678088,0.002011244686200119,0.007975460122699387,0.03038226870875358,0.03217126813289658,0.006304176516942475,0.2558227506079438,0.8644168616409565,0.8179858330766862
..... 5,0.9942838246409677,0.988119988119988,0.9907775480998569,0.9915518684831418,0.990521327014218,0.98915348230305,0.9892016968762052,0.9857986938944748,0.9836708033964731,0.9775248102743724,0.9741524404905024,0.976477482002344,0.9820188250567996,0.992936832811622,0.9923046172296622,0.982870286302282,0.9424492527325452,0.8896952104499274,0.8362944994427326,0.7943680095021279,0.7177906767997128,0.6533542741754543,0.6197089947089947,0.2269310523587351,0.030711146173785637,0.006226765799256504,0.06429635937832659,0.023381471657333727,0.0003923491907797941,0.003454130320238862,0.07033405741795339,0.00045967618366617294,0.0006157290792051497,0.010549337450147949
.E... 5,0.0012755102040816323,0.0016335016335016336,0.0019080934965813325,0.0015982951518380393,0.0018228217280349985,0.002283477409884195,0.0026995757809487077,0.0021768425417228155,0.0014151970389723492,0.0020431990659661413,0.0020437605193556144,0.0012556504269211452,0.001557935735150925,0.0013644754795729991,0.0014991005396761945,0.00242116094667393,0.002063350434976578,0.0045355587808418,0.002032387071395791,0.002622983272295358,0.002573155406618395,0.0020940842121008147,0.001984126984126984,0.0007776049766718508,0.002423081257748225,0.0009293680297397768,0.00035483642041019085,9.824147755182237e-05,9.808729769494852e-05,5.854458169896376e-05,0.0002348382551517642,0.0008682772358138822,0.0,0.0
G.... 5,0.0013699924414210126,0.0032670032670032672,0.0012720623310542214,0.0020549509095060506,0.002096244987240248,0.002283477409884195,0.0019282684149633628,0.00279879755364362,0.0023949488351839754,0.0023350846468184468,0.002644866554460207,0.002929850996149339,0.0020772476468679,0.0019263183241030578,0.0012992204677193685,0.0017553416863385991,0.0017287530671425385,0.0012699564586357039,0.0017045827050416313,0.0014847075126200138,0.0008976123511459517,0.0009722533841896643,0.0002204585537918871,0.01762571280456195,0.0076636988617153155,0.0020446096654275093,0.05634802356113831,0.02976716769820218,0.00029426189308484553,0.006322814823488086,0.0001174191275758821,5.107513151846366e-05,5.59753708368318e-05,0.00025730091341824265
....P 5,0.0011337868480725626,0.001782001782001782,0.0014310701224359993,0.0012177486871146966,0.0015493984688297485,0.0015495025281357035,0.0032780563054377173,0.003317093396910957,0.003156978010015241,0.002626970227670753,0.004808848280836739,0.003264691109994977,0.003245699448231093,0.0012842122160687053,0.0023985608634819106,0.004600205798680468,0.02910997100156145,0.06803338171262699,0.111191241067331,0.1534197763040681,0.2256597450780923,0.2622840475656271,0.2654320987654321,0.23976153447382065,0.019441000788910177,0.0015799256505576206,0.6038606202540628,0.6650948030258375,0.0005885237861696911,0.006088636496692231,0.0005283860740914697,5.107513151846366e-05,0.0001119507416736636,0.00025730091341824265
...I. 5,0.0008503401360544217,0.0019305019305019305,0.0019080934965813325,0.001978841616561382,0.002460809332847248,0.0030174522916326858,0.0015426147319706905,0.0032134342282574896,0.00304811669932506,0.00642148277875073,0.011300793459966338,0.012137954126904405,0.008114248620577734,0.0012039489525644113,0.0013991605036977814,0.0056291992010168886,0.020298906981931743,0.03193033381712627,0.03782862387727005,0.04077996634662971,0.042666507091137576,0.07232069403933887,0.0974426807760141,0.3286677034733022,0.2158232841203652,0.14618959107806692,0.004399971613086367,0.007171627861283034,0.0010789602746444336,0.0020490603594637315,0.00223096342394176,0.0004086010521477093,5.59753708368318e-05,0.00012865045670912132
..R.. 5,0.0008030990173847317,0.0013365013365013365,0.0009540467482906664,0.0010655301012253596,0.0009114108640174992,0.0009786331756646552,0.0009641342074816814,0.001865865035762413,0.005225342913128674,0.00788091068301226,0.004087521038711229,0.002846140967687929,0.0022070756247971443,0.0008026326350429407,0.0005996402158704778,0.0022395738756733853,0.003122908766451037,0.003084179970972424,0.00865403527174982,0.0047510640403840435,0.007061217162348155,0.004562112033505347,0.0068342151675485005,0.0018144116122343183,0.00011270145384875464,9.29368029739777e-05,0.00014193456816407636,9.824147755182237e-05,0.0,0.0,0.0,0.0,0.0,0.0
...IP 5,4.72411186696901e-05,0.0,0.0,0.0,0.0,0.0,0.0,0.0,0.0,0.0,0.00012022120702091849,0.00016742005692281934,6.491398896462187e-05,0.00016052652700858816,0.0,0.0,0.00016729868391701986,0.0,0.0002622434930833278,0.0011877660100960109,0.0004787265872778409,0.0010470421060504076,0.0006613756613756612,0.0009072058061171591,0.00033810436154626394,0.0002788104089219331,0.0011354765453126107,0.0027507613714510266,0.0,0.0,0.0,0.0,0.0,0.0
G..I. 5,9.44822373393802e-05,0.0,0.0,0.0,0.0,0.00016310552927744252,0.0,0.0001036591686534674,0.0,0.0,0.0,0.0,6.491398896462187e-05,0.0,0.0,0.0,0.00011153245594467994,0.0,6.556087327083197e-05,9.898050084133427e-05,0.00023936329363892045,0.00014957744372148682,0.0,0.022809745982374292,0.023949058942860358,0.011524163568773234,0.0012774111134766872,0.005698005698005697,0.008043158410985777,0.004625021954218137,0.005459989432278518,0.0017365544716277644,0.0004478029666946544,0.00025730091341824265
.E.I. 5,4.72411186696901e-05,0.0011880011880011881,0.00015900779138177767,7.610929294466855e-05,0.0004557054320087496,0.00016310552927744252,0.0,0.000518295843267337,0.0006531678641410843,0.0005837711617046117,0.00024044241404183698,0.0005022601707684581,0.0002596559558584875,0.0,9.994003597841297e-05,0.00048423218933478604,0.00044612982377871963,0.001451378809869376,0.0002622434930833278,0.0004949025042066713,0.0005984082340973011,0.00022436616558223018,0.004850088183421517,0.1364696734059098,0.6671362560577031,0.8140334572490706,0.10119934710098644,0.07279693486590039,0.1083864639529181,0.057724957555178265,0.06951212352492221,0.4900148117881404,0.024237335572348168,0.004631416441528367
.ERI. 5,4.72411186696901e-05,0.00014850014850014852,0.0007950389569088887,0.00022832787883400566,9.11410864017499e-05,0.0,0.00019282684149633632,0.0,0.0,0.0,0.00024044241404183698,8.371002846140967e-05,6.491398896462187e-05,0.0,0.0,0.0,5.5766227972339954e-05,0.0,0.0002622434930833278,0.00029694150252400277,5.984082340973011e-05,0.0,0.0002204585537918871,0.007387247278382581,0.026259438746759838,0.012639405204460968,0.0018451493861329925,0.0004912073877591119,0.3011280039234919,0.7508928048709091,0.7804262314331004,0.1437764952244752,0.0031346207668625807,0.14524636562459795
GE.I. 5,4.72411186696901e-05,0.00029700029700029703,0.0004770233741453331,7.610929294466855e-05,9.11410864017499e-05,8.155276463872126e-05,0.00019282684149633632,0.0002073183373069348,0.00032658393207054214,0.0005837711617046117,0.00024044241404183698,8.371002846140967e-05,0.00012982797792924374,8.026326350429408e-05,9.994003597841297e-05,0.0,0.00022306491188935987,0.0,0.0001966826198124959,0.0,0.00017952247022919035,0.00029915488744297364,0.0006613756613756612,0.0010368066355624676,0.0024794319846726024,0.0033457249070631967,0.0019161166702150309,0.006778661951075743,0.5769494850416871,0.15935835138457935,0.06293665238067281,0.3577812962868379,0.9676462356563112,0.8331403576482697
... 6,0.9952045410060676,0.9890061565523308,0.99115389618837,0.992248062015504,0.9931582998375096,0.9911231475212516,0.985579589572934,0.9770611383050196,0.8886992147490611,0.7498782269849001,0.17266127013268798,0.12774713247526487,0.045933140300078966,0.0010875823683705458,0.00209414549758718,0.0005213764337851929,0.00029127627554735667,0.00045242044940431306,0.0003206498503634032,0.00017209482424816074,0.0020912649471821546,0.0015254472333934266,0.0002579646588417386,0.00020020020020020018,0.00027298536798427603,0.0003828483920367535,0.04224232791294779,0.016288492706645057,0.0004006811579685465,0.003984997655883732,0.07861133280127694,0.00024046554128793346,0.0003387725142566766,0.010811514914680213
.C. 6,0.0018594636915247602,0.004104368220463207,0.0018212566671002995,0.002583979328165375,0.0020525100487471136,0.002933874971789664,0.004252172305416898,0.0031672905269219693,0.0050073972914532845,0.011203117389186557,0.008345155637152633,0.003152088258471237,0.0023032376941300343,0.0011515578018041072,0.0015478466721296552,0.0020333680917622526,0.0015534734695859024,0.002563715879957774,0.0019773407439076527,0.0018500193606677282,0.0012333100970561427,0.0015254472333934266,0.0016767702824713015,0.0016016016016016015,0.002183882943874208,0.003541347626339969,0.0005501895097200147,0.0003241491085899513,0.001602724631874186,0.002812939521800281,0.0026222779614639147,0.002308469196364161,0.0023714075997967364,0.002214406669271851
Y.. 6,0.0015169309062438836,0.003664614482556435,0.0029920645245219203,0.0029531192321889995,0.0023945950568716326,0.002482509591514331,0.0038824181919023854,0.004606968039159228,0.011039034937976555,0.012664393570384805,0.013101894350329634,0.0069170825672007705,0.007041326664911819,0.008252830912929434,0.0082855321861058,0.006360792492179353,0.0070877227049856795,0.009953249886894888,0.0067870884993587,0.0076582196790431515,0.0070781275135396,0.00520038829565941,0.010060621694827809,0.005105105105105105,0.0063332605372352045,0.010049770290964778,0.002078493703386722,0.0007293354943273907,0.009916858659721526,0.0069737458977965315,0.0070117432447839466,0.0059154523156831635,0.005815594828072949,0.011202292562198776
YCD 6,9.786651008025054e-05,0.0,0.0009106283335501497,0.0002953119232189,0.0005986487642179082,0.00022568269013766647,0.00018487705675725643,0.0001919570016316345,0.00022760896779333106,0.000974184120798831,0.0014186764583159475,0.0024516242010331844,0.0013161358252171626,0.0008316806346362997,0.0013657470636438134,0.0010427528675703858,0.0009223748725666293,0.002262102247021565,0.0025117571611799915,0.005119821021382782,0.019732961552898283,0.05789765635834144,0.07042435186379466,0.24674674674674674,0.027571522166411882,0.0039241960183767225,0.7415943269348331,0.8362236628849271,0.006210557948512471,0.019221753398968592,0.0022802417056207963,0.00798345597075939,0.0018067867427022754,0.002735443532629933
YC. 6,0.0010275983558426305,0.002785107006742891,0.0028619747625861845,0.0008859357696566998,0.0010262550243735568,0.0017302339577221096,0.005176557589203179,0.014396775122372588,0.09388869921474906,0.22430589381393085,0.8043061003087708,0.8594693984764906,0.9432745459331404,0.988612372848826,0.9866156787762906,0.9900417101147028,0.9901451526773144,0.9847685115367216,0.9884031637451902,0.985070773996472,0.9695962249986596,0.9333656913049508,0.9164194505352766,0.7442442442442443,0.9633653636165102,0.9821018376722818,0.20619880180951214,0.14116693679092382,0.9817690073124312,0.9667721518987342,0.9094744042868544,0.9835521569759054,0.9896674383151712,0.9730363423212192
..D 6,0.0002935995302407516,0.0004397537379067722,0.0002601795238714713,0.0010335917312661498,0.0007696912682801676,0.001504551267584443,0.000924385283786282,0.0005758710048949035,0.0011380448389666552,0.000974184120798831,0.0001669031127430527,0.00017511601435951318,6.580679126085812e-05,0.0,0.0,0.0,0.0,0.0,0.0,0.0,0.0,0.0,0.0,0.0,0.0,0.0,0.0011003790194400293,8.103727714748784e-05,0.0,0.0,0.0,0.0,0.0,0.0
.. 7,0.9981376120502641,0.9964209019327128,0.996497001220742,0.9965896436525612,0.9960173529620936,0.9922753080220926,0.9911407139161924,0.98761041642767,0.9795382334251218,0.98086452694976,0.9870827833301904,0.9925077841203944,0.9941176470588236,0.9981785727295908,0.9977481378832496,0.9957591840982412,0.991106695995648,0.985461323392358,0.976337703025806,0.9632447540038152,0.9232199188823794,0.8571253033514576,0.8094538843437522,0.021025587248322142,0.0021517834974757928,0.0017188037126160192,0.04907035346999932,0.01887437014262533,0.0008263384508328622,0.0042443302395745435,0.07614044788498757,0.00040233829550564455,0.0010914280916799596,0.012302823012915413
.S 7,0.0006549056526544145,0.0008259457078354716,0.0009553633034340003,0.0008351893095768374,0.0008534243652656284,0.0013904445560233285,0.002392653905845836,0.0038239455470154096,0.00940478712137259,0.008309826942136158,0.0052800301716009815,0.002464971458225221,0.0019948849104859333,0.0005099996357145459,0.0006495756106010738,0.0012748464980747215,0.002743678894959673,0.004970487729108419,0.006623244565366752,0.0089170844239386,0.014956061288868859,0.030565539274414032,0.04601076847772883,0.10455117449664428,0.02742144610885817,0.007691646613956686,0.0005107947967036709,0.0036296865658894868,0.0006958639585960943,0.0009715936693001967,0.0009676527508985348,0.0008520105081296003,0.00039179469957742143,0.0006125886977385267
KS 7,0.00022512381809995497,0.001376576179725786,0.001167666259752667,0.0008699888641425389,0.0007111869710546903,0.0004248580587849059,0.0007113295395757889,0.000726549653932928,0.0011014615547553484,0.0015247388884653502,0.0016028663020931546,0.000713544369486248,0.0008695652173913044,0.0002914283632654548,0.00034644032565390613,0.0008065355395982933,0.0012772298304122615,0.0013668841255048152,0.0008794349630362492,0.0006210904573887582,0.0009294727354664263,0.0006143826989831965,0.0012586532410320955,0.4561136744966443,0.9288807967116334,0.9809642488827776,0.6201389361847034,0.7692373387992143,0.993215326403688,0.9890056505842346,0.9181089300525296,0.9935389203133506,0.9933674754428679,0.981724437184134
K. 7,0.0009823584789816217,0.001376576179725786,0.0013799692160713338,0.0017051781737193765,0.0024180357015859467,0.005909389363099146,0.005755302638385929,0.007839088371381591,0.009955517898750264,0.009300907219638636,0.006034320196115406,0.004313700051894136,0.003017902813299233,0.0010199992714290918,0.0012558461804954098,0.002159433864085753,0.004872395278980108,0.00820130475302889,0.016159617445791082,0.027217071114857373,0.06089454709328526,0.11169477467514513,0.14327669393748688,0.4183095637583893,0.04154597368203261,0.009625300790649707,0.3302799155485936,0.2082586044922709,0.005262471186882964,0.005778425506890643,0.004782969311584186,0.005206730883014224,0.005149301765874682,0.0053601511052121095
. 8,0.999054529983218,0.9987450210072571,0.9978296005541444,0.9978524679574584,0.9969682518054229,0.9934630812657852,0.9932619647355164,0.9918070579890051,0.9909447872425676,0.9903454693497732,0.9967055813209659,0.9974503117992196,0.9975149936680128,0.9995159416548342,0.9984838471406912,0.9982965543941154,0.9979801263001484,0.9968010663112296,0.9952123866761741,0.9916689808386558,0.9918306351183064,0.9863431561861584,0.9889482114255206,0.9879004771642808,0.9965142887552552,0.9966194253023014,0.9946874611656518,0.9906861092380309,0.7997493084370678,0.4365474379142275,0.4113621763539369,0.8326187183033656,0.99419575633128,0.8481145251396648
K 8,0.0009454700167820928,0.0012549789927429474,0.002170399445855461,0.002147532042541587,0.003031748194576918,0.006536918734214827,0.006738035264483628,0.008192942010994858,0.009055212757432488,0.009654530650226823,0.003294418679034064,0.002549688200780266,0.002485006331987288,0.0004840583451658706,0.0015161528593087895,0.0017034456058846305,0.0020198736998514122,0.0031989336887704102,0.004787613323826016,0.00833101916134407,0.008169364881693649,0.013656843813841545,0.011051788574479443,0.012099522835719157,0.0034857112447448245,0.003380574697698609,0.005312538834348205,0.00931389076196898,0.20025069156293224,0.5634525620857725,0.5886378236460632,0.16738128169663438,0.005804243668720055,0.15188547486033518
. 9,0.9990216030056356,0.9982043992219064,0.997837578087458,0.9973813924830559,0.9974288070635036,0.997097820520116,0.9962484368486868,0.9967795452327509,0.996526805220996,0.9966626618608998,0.9981430264717503,0.9973273746933052,0.9974259974259976,0.9986526153698091,0.9981810164259728,0.997917007024996,0.9973476782845828,0.9974165547173712,0.9964836243202356,0.9970869746150643,0.9953674535818848,0.9955411750779308,0.9940372504354816,0.7753427736570015,0.2899041881092841,0.17612859097127226,0.8778784083245014,0.90574942791762,0.01547743966421826,0.029830392908889457,0.08761666592238647,0.0070688202761601295,0.005901753167852804,0.017938457292672832
L 9,0.000978396994364433,0.0017956007780936703,0.002162421912542047,0.002618607516943931,0.0025711929364963856,0.002902179479883913,0.003751563151313047,0.003220454767248951,0.003473194779003977,0.003337338139100253,0.001856973528249704,0.0026726253066947075,0.002574002574002574,0.0013473846301910398,0.0018189835740271196,0.0020829929750040845,0.002652321715417087,0.002583445282628914,0.003516375679764485,0.0029130253849354967,0.00463254641811511,0.00445882492206921,0.00596274956451829,0.2246572263429984,0.7100958118907159,0.8238714090287278,0.1221215916754986,0.09425057208237986,0.9845225603357818,0.9701696070911106,0.9123833340776136,0.9929311797238398,0.9940982468321472,0.9820615427073272
.ER.. 5,0.0,0.00014850014850014852,0.00015900779138177767,0.0,0.0,0.0,0.0,0.0,0.0,0.0,0.0,0.0,0.0,0.00016052652700858816,9.994003597841297e-05,0.0,0.0,0.0,0.0001966826198124959,4.9490250420667135e-05,0.0,7.478872186074341e-05,0.0,0.0,0.0,0.0,0.0,0.0,0.00019617459538989705,0.0006439903986886012,0.0006458052016673517,0.0002553756575923183,0.0,0.00012865045670912132
G...P 5,0.0,0.00014850014850014852,0.0,0.00015221858588933707,0.0,8.155276463872126e-05,0.0,0.0,0.0,0.0,0.00012022120702091849,0.00016742005692281934,6.491398896462187e-05,0.0,0.0,0.0,5.5766227972339954e-05,0.0,0.0002622434930833278,0.00014847075126200139,0.00023936329363892045,0.0006730984967466907,0.0004409171075837742,0.006480041472265423,0.0009016116307900373,0.0001858736059479554,0.15101838052657726,0.17329796640141468,9.808729769494852e-05,0.0010538024705813477,5.870956378794105e-05,5.107513151846366e-05,0.0,0.0
.E..P 5,0.0,0.0,0.00015900779138177767,0.0,0.0,8.155276463872126e-05,0.0,0.0,0.00010886131069018072,0.0,0.0,0.0,0.0,8.026326350429408e-05,9.994003597841297e-05,0.0,0.00011153245594467994,0.0,6.556087327083197e-05,4.9490250420667135e-05,0.00017952247022919035,0.0007478872186074339,0.0006613756613756612,0.0006480041472265422,0.0015214696269581875,0.0,0.002199985806543184,0.0004912073877591119,0.0,0.0,0.0,0.0,0.0,0.0
GE... 5,0.0,0.0,0.0,0.0,0.0,0.00016310552927744252,0.0,0.0,0.0,0.0,0.0,8.371002846140967e-05,0.0,0.0,9.994003597841297e-05,0.0,0.0,0.0,0.0,0.0,5.984082340973011e-05,0.0,0.0,0.0007776049766718508,0.0,0.0,0.0,9.824147755182237e-05,0.00019617459538989705,0.00017563374509689132,5.870956378794105e-05,0.0002553756575923183,0.0007836551917156452,0.0009005531969638492
Y.D 6,0.0,0.0,0.0,0.0,0.0,0.0,0.0,0.0,0.0,0.0,0.0,8.755800717975659e-05,6.580679126085812e-05,6.397543343356151e-05,9.104980424292088e-05,0.0,0.0,0.0,0.0,4.3023706062040185e-05,0.00021448871253150305,0.0004160310636527528,0.000773893976525216,0.0016016016016016015,0.00027298536798427603,0.0,0.00470717691649346,0.004213938411669368,0.00010017028949213664,0.00017580872011251758,0.0,0.0,0.0,0.0
..R.P 5,0.0,0.0,0.0,0.0,0.0,0.0,0.0,0.0,0.0,0.0,0.0,0.0,0.00012982797792924374,0.0,0.0,0.0,5.5766227972339954e-05,0.0,0.0005900478594374878,0.00024745125210333564,0.000957453174555682,0.0008226759404681773,0.0008818342151675485,0.006998444790046656,0.0003944550884706413,0.0,0.005819317294727132,0.011297769918459571,9.808729769494852e-05,0.0,0.0,0.0,0.0,0.0
..RI. 5,0.0,0.0,0.0,0.0,0.0,0.0,0.0,0.0,0.0,0.0,0.0,0.0,0.0,0.0,0.0,0.0,0.0,0.0,0.0001311217465416639,0.0,0.00035904494045838065,0.00037394360930371697,0.0,0.0006480041472265422,0.00045080581539501857,9.29368029739777e-05,0.0,9.824147755182237e-05,0.0003923491907797941,0.0007610795620865289,0.0006458052016673517,0.00020430052607385465,0.0,0.00012865045670912132
.CD 6,0.0,0.0,0.0,0.0,0.0,0.0,0.0,0.0,0.0,0.0,0.0,0.0,0.0,0.0,0.0,0.0,0.0,0.0,0.0,8.604741212408037e-05,5.362217813287576e-05,6.933851060879211e-05,0.000386946988262608,0.0005005005005005005,0.0,0.0,0.0015283041936667073,0.0009724473257698539,0.0,5.860290670417254e-05,0.0,0.0,0.0,0.0
..RIP 5,0.0,0.0,0.0,0.0,0.0,0.0,0.0,0.0,0.0,0.0,0.0,0.0,0.0,0.0,0.0,0.0,0.0,0.0,0.0,0.0,0.0,0.0,0.0,0.00012960082944530845,0.0,0.0,0.0,0.0,0.0,5.854458169896376e-05,0.0,0.0,0.0,0.0
G.RI. 5,0.0,0.0,0.0,0.0,0.0,0.0,0.0,0.0,0.0,0.0,0.0,0.0,0.0,0.0,0.0,0.0,0.0,0.0,0.0,0.0,0.0,0.0,0.0,0.00012960082944530845,5.635072692437732e-05,0.0,0.0,0.0,0.00019617459538989705,5.854458169896376e-05,0.0,0.0,0.0,0.0
.E.IP 5,0.0,0.0,0.0,0.0,0.0,0.0,0.0,0.0,0.0,0.0,0.0,0.0,0.0,0.0,0.0,0.0,0.0,0.0,0.0,0.0,0.0,0.0,0.0,0.0,0.00022540290769750929,0.0007434944237918214,0.00028386913632815267,0.0,9.808729769494852e-05,0.00017563374509689132,0.0,0.0007661269727769549,0.0,0.0
GE.IP 5,0.0,0.0,0.0,0.0,0.0,0.0,0.0,0.0,0.0,0.0,0.0,0.0,0.0,0.0,0.0,0.0,0.0,0.0,0.0,0.0,0.0,0.0,0.0,0.0,5.635072692437732e-05,0.0,7.096728408203818e-05,0.0,0.0003923491907797941,0.0007610795620865289,0.0001174191275758821,0.0002553756575923183,0.0012874335292471313,0.00025730091341824265
G..IP 5,0.0,0.0,0.0,0.0,0.0,0.0,0.0,0.0,0.0,0.0,0.0,0.0,0.0,0.0,0.0,0.0,0.0,0.0,0.0,0.0,0.0,0.0,0.0,0.0,5.635072692437732e-05,0.0,0.002767724079199489,0.0,0.0,0.0,0.0,0.0,0.0,0.0
GE..P 5,0.0,0.0,0.0,0.0,0.0,0.0,0.0,0.0,0.0,0.0,0.0,0.0,0.0,0.0,0.0,0.0,0.0,0.0,0.0,0.0,0.0,0.0,0.0,0.0,0.0,9.29368029739777e-05,0.0,0.0004912073877591119,0.0,0.0,0.0,0.0,0.0,0.0
G.R.P 5,0.0,0.0,0.0,0.0,0.0,0.0,0.0,0.0,0.0,0.0,0.0,0.0,0.0,0.0,0.0,0.0,0.0,0.0,0.0,0.0,0.0,0.0,0.0,0.0,0.0,0.0,0.0010645092612305727,0.0,0.0,0.0,0.0,0.0,0.0,0.0
G.R.. 5,0.0,0.0,0.0,0.0,0.0,0.0,0.0,0.0,0.0,0.0,0.0,0.0,0.0,0.0,0.0,0.0,0.0,0.0,0.0,0.0,0.0,0.0,0.0,0.0,0.0,0.0,0.0,9.824147755182237e-05,0.0,0.0,0.0,0.0,0.0,0.0
GERI. 5,0.0,0.0,0.0,0.0,0.0,0.0,0.0,0.0,0.0,0.0,0.0,0.0,0.0,0.0,0.0,0.0,0.0,0.0,0.0,0.0,0.0,0.0,0.0,0.0,0.0,0.0,0.0,0.0,0.0011770475723393821,0.004742111117616065,0.006223213761521752,0.002809132233515501,0.0015673103834312903,0.00385951370127364
.ERIP 5,0.0,0.0,0.0,0.0,0.0,0.0,0.0,0.0,0.0,0.0,0.0,0.0,0.0,0.0,0.0,0.0,0.0,0.0,0.0,0.0,0.0,0.0,0.0,0.0,0.0,0.0,0.0,0.0,0.00019617459538989705,0.0009367133071834199,0.0004696765103035284,0.0002553756575923183,0.0,0.00025730091341824265
GERIP 5,0.0,0.0,0.0,0.0,0.0,0.0,0.0,0.0,0.0,0.0,0.0,0.0,0.0,0.0,0.0,0.0,0.0,0.0,0.0,0.0,0.0,0.0,0.0,0.0,0.0,0.0,0.0,0.0,0.0,5.854458169896376e-05,0.0,0.0,0.0,0.0
GER.. 5,0.0,0.0,0.0,0.0,0.0,0.0,0.0,0.0,0.0,0.0,0.0,0.0,0.0,0.0,0.0,0.0,0.0,0.0,0.0,0.0,0.0,0.0,0.0,0.0,0.0,0.0,0.0,0.0,0.0,0.0,0.0,0.0,5.59753708368318e-05,0.0
